segment_id,audio_path,track_name,start_sec,end_sec,duration_sec,instrument,style,prompt
0,../data/processed/audio_segments/01_seg00000.wav,01,0.0,10.0,10.0,马头琴,蒙古族 传统 器乐 独奏,马头琴独奏，蒙古族传统器乐风格，干净清晰的录音
1,../data/processed/audio_segments/01_seg00001.wav,01,8.0,18.0,10.0,马头琴,蒙古族 传统 器乐 独奏,马头琴独奏，蒙古族传统器乐风格，干净清晰的录音
2,../data/processed/audio_segments/01_seg00002.wav,01,16.0,26.0,10.0,马头琴,蒙古族 传统 器乐 独奏,马头琴独奏，蒙古族传统器乐风格，干净清晰的录音
3,../data/processed/audio_segments/01_seg00003.wav,01,24.0,34.0,10.0,马头琴,蒙古族 传统 器乐 独奏,马头琴独奏，蒙古族传统器乐风格，干净清晰的录音
4,../data/processed/audio_segments/01_seg00004.wav,01,32.0,42.0,10.0,马头琴,蒙古族 传统 器乐 独奏,马头琴独奏，蒙古族传统器乐风格，干净清晰的录音
5,../data/processed/audio_segments/01_seg00005.wav,01,40.0,50.0,10.0,马头琴,蒙古族 传统 器乐 独奏,马头琴独奏，蒙古族传统器乐风格，干净清晰的录音
6,../data/processed/audio_segments/01_seg00006.wav,01,48.0,58.0,10.0,马头琴,蒙古族 传统 器乐 独奏,马头琴独奏，蒙古族传统器乐风格，干净清晰的录音
7,../data/processed/audio_segments/01_seg00007.wav,01,56.0,66.0,10.0,马头琴,蒙古族 传统 器乐 独奏,马头琴独奏，蒙古族传统器乐风格，干净清晰的录音
8,../data/processed/audio_segments/01_seg00008.wav,01,64.0,74.0,10.0,马头琴,蒙古族 传统 器乐 独奏,马头琴独奏，蒙古族传统器乐风格，干净清晰的录音
9,../data/processed/audio_segments/01_seg00009.wav,01,72.0,82.0,10.0,马头琴,蒙古族 传统 器乐 独奏,马头琴独奏，蒙古族传统器乐风格，干净清晰的录音
10,../data/processed/audio_segments/01_seg00010.wav,01,80.0,90.0,10.0,马头琴,蒙古族 传统 器乐 独奏,马头琴独奏，蒙古族传统器乐风格，干净清晰的录音
11,../data/processed/audio_segments/01_seg00011.wav,01,88.0,98.0,10.0,马头琴,蒙古族 传统 器乐 独奏,马头琴独奏，蒙古族传统器乐风格，干净清晰的录音
12,../data/processed/audio_segments/01_seg00012.wav,01,96.0,106.0,10.0,马头琴,蒙古族 传统 器乐 独奏,马头琴独奏，蒙古族传统器乐风格，干净清晰的录音
13,../data/processed/audio_segments/01_seg00013.wav,01,104.0,114.0,10.0,马头琴,蒙古族 传统 器乐 独奏,马头琴独奏，蒙古族传统器乐风格，干净清晰的录音
14,../data/processed/audio_segments/01_seg00014.wav,01,112.0,122.0,10.0,马头琴,蒙古族 传统 器乐 独奏,马头琴独奏，蒙古族传统器乐风格，干净清晰的录音
15,../data/processed/audio_segments/01_seg00015.wav,01,120.0,130.0,10.0,马头琴,蒙古族 传统 器乐 独奏,马头琴独奏，蒙古族传统器乐风格，干净清晰的录音
31,../data/processed/audio_segments/03_seg00031.wav,03,0.0,10.0,10.0,马头琴,蒙古族 传统 器乐 独奏,马头琴独奏，蒙古族传统器乐风格，干净清晰的录音
32,../data/processed/audio_segments/03_seg00032.wav,03,8.0,18.0,10.0,马头琴,蒙古族 传统 器乐 独奏,马头琴独奏，蒙古族传统器乐风格，干净清晰的录音
33,../data/processed/audio_segments/03_seg00033.wav,03,16.0,26.0,10.0,马头琴,蒙古族 传统 器乐 独奏,马头琴独奏，蒙古族传统器乐风格，干净清晰的录音
34,../data/processed/audio_segments/03_seg00034.wav,03,24.0,34.0,10.0,马头琴,蒙古族 传统 器乐 独奏,马头琴独奏，蒙古族传统器乐风格，干净清晰的录音
35,../data/processed/audio_segments/03_seg00035.wav,03,32.0,42.0,10.0,马头琴,蒙古族 传统 器乐 独奏,马头琴独奏，蒙古族传统器乐风格，干净清晰的录音
36,../data/processed/audio_segments/03_seg00036.wav,03,40.0,50.0,10.0,马头琴,蒙古族 传统 器乐 独奏,马头琴独奏，蒙古族传统器乐风格，干净清晰的录音
37,../data/processed/audio_segments/03_seg00037.wav,03,48.0,58.0,10.0,马头琴,蒙古族 传统 器乐 独奏,马头琴独奏，蒙古族传统器乐风格，干净清晰的录音
38,../data/processed/audio_segments/03_seg00038.wav,03,56.0,66.0,10.0,马头琴,蒙古族 传统 器乐 独奏,马头琴独奏，蒙古族传统器乐风格，干净清晰的录音
39,../data/processed/audio_segments/03_seg00039.wav,03,64.0,74.0,10.0,马头琴,蒙古族 传统 器乐 独奏,马头琴独奏，蒙古族传统器乐风格，干净清晰的录音
40,../data/processed/audio_segments/03_seg00040.wav,03,72.0,82.0,10.0,马头琴,蒙古族 传统 器乐 独奏,马头琴独奏，蒙古族传统器乐风格，干净清晰的录音
41,../data/processed/audio_segments/03_seg00041.wav,03,80.0,90.0,10.0,马头琴,蒙古族 传统 器乐 独奏,马头琴独奏，蒙古族传统器乐风格，干净清晰的录音
42,../data/processed/audio_segments/03_seg00042.wav,03,88.0,98.0,10.0,马头琴,蒙古族 传统 器乐 独奏,马头琴独奏，蒙古族传统器乐风格，干净清晰的录音
43,../data/processed/audio_segments/03_seg00043.wav,03,96.0,106.0,10.0,马头琴,蒙古族 传统 器乐 独奏,马头琴独奏，蒙古族传统器乐风格，干净清晰的录音
44,../data/processed/audio_segments/03_seg00044.wav,03,104.0,114.0,10.0,马头琴,蒙古族 传统 器乐 独奏,马头琴独奏，蒙古族传统器乐风格，干净清晰的录音
45,../data/processed/audio_segments/03_seg00045.wav,03,112.0,122.0,10.0,马头琴,蒙古族 传统 器乐 独奏,马头琴独奏，蒙古族传统器乐风格，干净清晰的录音
46,../data/processed/audio_segments/03_seg00046.wav,03,120.0,130.0,10.0,马头琴,蒙古族 传统 器乐 独奏,马头琴独奏，蒙古族传统器乐风格，干净清晰的录音
47,../data/processed/audio_segments/03_seg00047.wav,03,128.0,138.0,10.0,马头琴,蒙古族 传统 器乐 独奏,马头琴独奏，蒙古族传统器乐风格，干净清晰的录音
48,../data/processed/audio_segments/04_seg00048.wav,04,0.0,10.0,10.0,马头琴,蒙古族 传统 器乐 独奏,马头琴独奏，蒙古族传统器乐风格，干净清晰的录音
49,../data/processed/audio_segments/04_seg00049.wav,04,8.0,18.0,10.0,马头琴,蒙古族 传统 器乐 独奏,马头琴独奏，蒙古族传统器乐风格，干净清晰的录音
50,../data/processed/audio_segments/04_seg00050.wav,04,16.0,26.0,10.0,马头琴,蒙古族 传统 器乐 独奏,马头琴独奏，蒙古族传统器乐风格，干净清晰的录音
51,../data/processed/audio_segments/04_seg00051.wav,04,24.0,34.0,10.0,马头琴,蒙古族 传统 器乐 独奏,马头琴独奏，蒙古族传统器乐风格，干净清晰的录音
52,../data/processed/audio_segments/04_seg00052.wav,04,32.0,42.0,10.0,马头琴,蒙古族 传统 器乐 独奏,马头琴独奏，蒙古族传统器乐风格，干净清晰的录音
53,../data/processed/audio_segments/04_seg00053.wav,04,40.0,50.0,10.0,马头琴,蒙古族 传统 器乐 独奏,马头琴独奏，蒙古族传统器乐风格，干净清晰的录音
54,../data/processed/audio_segments/04_seg00054.wav,04,48.0,58.0,10.0,马头琴,蒙古族 传统 器乐 独奏,马头琴独奏，蒙古族传统器乐风格，干净清晰的录音
55,../data/processed/audio_segments/04_seg00055.wav,04,56.0,66.0,10.0,马头琴,蒙古族 传统 器乐 独奏,马头琴独奏，蒙古族传统器乐风格，干净清晰的录音
56,../data/processed/audio_segments/04_seg00056.wav,04,64.0,74.0,10.0,马头琴,蒙古族 传统 器乐 独奏,马头琴独奏，蒙古族传统器乐风格，干净清晰的录音
57,../data/processed/audio_segments/04_seg00057.wav,04,72.0,82.0,10.0,马头琴,蒙古族 传统 器乐 独奏,马头琴独奏，蒙古族传统器乐风格，干净清晰的录音
58,../data/processed/audio_segments/04_seg00058.wav,04,80.0,90.0,10.0,马头琴,蒙古族 传统 器乐 独奏,马头琴独奏，蒙古族传统器乐风格，干净清晰的录音
59,../data/processed/audio_segments/04_seg00059.wav,04,88.0,98.0,10.0,马头琴,蒙古族 传统 器乐 独奏,马头琴独奏，蒙古族传统器乐风格，干净清晰的录音
60,../data/processed/audio_segments/04_seg00060.wav,04,96.0,106.0,10.0,马头琴,蒙古族 传统 器乐 独奏,马头琴独奏，蒙古族传统器乐风格，干净清晰的录音
61,../data/processed/audio_segments/04_seg00061.wav,04,104.0,114.0,10.0,马头琴,蒙古族 传统 器乐 独奏,马头琴独奏，蒙古族传统器乐风格，干净清晰的录音
62,../data/processed/audio_segments/04_seg00062.wav,04,112.0,122.0,10.0,马头琴,蒙古族 传统 器乐 独奏,马头琴独奏，蒙古族传统器乐风格，干净清晰的录音
63,../data/processed/audio_segments/04_seg00063.wav,04,120.0,130.0,10.0,马头琴,蒙古族 传统 器乐 独奏,马头琴独奏，蒙古族传统器乐风格，干净清晰的录音
64,../data/processed/audio_segments/04_seg00064.wav,04,128.0,138.0,10.0,马头琴,蒙古族 传统 器乐 独奏,马头琴独奏，蒙古族传统器乐风格，干净清晰的录音
65,../data/processed/audio_segments/04_seg00065.wav,04,136.0,146.0,10.0,马头琴,蒙古族 传统 器乐 独奏,马头琴独奏，蒙古族传统器乐风格，干净清晰的录音
66,../data/processed/audio_segments/05_seg00066.wav,05,0.0,10.0,10.0,马头琴,蒙古族 传统 器乐 独奏,马头琴独奏，蒙古族传统器乐风格，干净清晰的录音
67,../data/processed/audio_segments/05_seg00067.wav,05,8.0,18.0,10.0,马头琴,蒙古族 传统 器乐 独奏,马头琴独奏，蒙古族传统器乐风格，干净清晰的录音
68,../data/processed/audio_segments/05_seg00068.wav,05,16.0,26.0,10.0,马头琴,蒙古族 传统 器乐 独奏,马头琴独奏，蒙古族传统器乐风格，干净清晰的录音
69,../data/processed/audio_segments/05_seg00069.wav,05,24.0,34.0,10.0,马头琴,蒙古族 传统 器乐 独奏,马头琴独奏，蒙古族传统器乐风格，干净清晰的录音
70,../data/processed/audio_segments/05_seg00070.wav,05,32.0,42.0,10.0,马头琴,蒙古族 传统 器乐 独奏,马头琴独奏，蒙古族传统器乐风格，干净清晰的录音
71,../data/processed/audio_segments/05_seg00071.wav,05,40.0,50.0,10.0,马头琴,蒙古族 传统 器乐 独奏,马头琴独奏，蒙古族传统器乐风格，干净清晰的录音
72,../data/processed/audio_segments/05_seg00072.wav,05,48.0,58.0,10.0,马头琴,蒙古族 传统 器乐 独奏,马头琴独奏，蒙古族传统器乐风格，干净清晰的录音
73,../data/processed/audio_segments/05_seg00073.wav,05,56.0,66.0,10.0,马头琴,蒙古族 传统 器乐 独奏,马头琴独奏，蒙古族传统器乐风格，干净清晰的录音
74,../data/processed/audio_segments/05_seg00074.wav,05,64.0,74.0,10.0,马头琴,蒙古族 传统 器乐 独奏,马头琴独奏，蒙古族传统器乐风格，干净清晰的录音
75,../data/processed/audio_segments/05_seg00075.wav,05,72.0,82.0,10.0,马头琴,蒙古族 传统 器乐 独奏,马头琴独奏，蒙古族传统器乐风格，干净清晰的录音
76,../data/processed/audio_segments/05_seg00076.wav,05,80.0,90.0,10.0,马头琴,蒙古族 传统 器乐 独奏,马头琴独奏，蒙古族传统器乐风格，干净清晰的录音
77,../data/processed/audio_segments/05_seg00077.wav,05,88.0,98.0,10.0,马头琴,蒙古族 传统 器乐 独奏,马头琴独奏，蒙古族传统器乐风格，干净清晰的录音
78,../data/processed/audio_segments/05_seg00078.wav,05,96.0,106.0,10.0,马头琴,蒙古族 传统 器乐 独奏,马头琴独奏，蒙古族传统器乐风格，干净清晰的录音
79,../data/processed/audio_segments/05_seg00079.wav,05,104.0,114.0,10.0,马头琴,蒙古族 传统 器乐 独奏,马头琴独奏，蒙古族传统器乐风格，干净清晰的录音
80,../data/processed/audio_segments/05_seg00080.wav,05,112.0,122.0,10.0,马头琴,蒙古族 传统 器乐 独奏,马头琴独奏，蒙古族传统器乐风格，干净清晰的录音
81,../data/processed/audio_segments/05_seg00081.wav,05,120.0,130.0,10.0,马头琴,蒙古族 传统 器乐 独奏,马头琴独奏，蒙古族传统器乐风格，干净清晰的录音
82,../data/processed/audio_segments/05_seg00082.wav,05,128.0,138.0,10.0,马头琴,蒙古族 传统 器乐 独奏,马头琴独奏，蒙古族传统器乐风格，干净清晰的录音
83,../data/processed/audio_segments/05_seg00083.wav,05,136.0,146.0,10.0,马头琴,蒙古族 传统 器乐 独奏,马头琴独奏，蒙古族传统器乐风格，干净清晰的录音
84,../data/processed/audio_segments/05_seg00084.wav,05,144.0,154.0,10.0,马头琴,蒙古族 传统 器乐 独奏,马头琴独奏，蒙古族传统器乐风格，干净清晰的录音
85,../data/processed/audio_segments/05_seg00085.wav,05,152.0,162.0,10.0,马头琴,蒙古族 传统 器乐 独奏,马头琴独奏，蒙古族传统器乐风格，干净清晰的录音
150,../data/processed/audio_segments/10_seg00150.wav,10,0.0,10.0,10.0,马头琴,蒙古族 传统 器乐 独奏,马头琴独奏，蒙古族传统器乐风格，干净清晰的录音
151,../data/processed/audio_segments/10_seg00151.wav,10,8.0,18.0,10.0,马头琴,蒙古族 传统 器乐 独奏,马头琴独奏，蒙古族传统器乐风格，干净清晰的录音
152,../data/processed/audio_segments/10_seg00152.wav,10,16.0,26.0,10.0,马头琴,蒙古族 传统 器乐 独奏,马头琴独奏，蒙古族传统器乐风格，干净清晰的录音
153,../data/processed/audio_segments/10_seg00153.wav,10,24.0,34.0,10.0,马头琴,蒙古族 传统 器乐 独奏,马头琴独奏，蒙古族传统器乐风格，干净清晰的录音
154,../data/processed/audio_segments/10_seg00154.wav,10,32.0,42.0,10.0,马头琴,蒙古族 传统 器乐 独奏,马头琴独奏，蒙古族传统器乐风格，干净清晰的录音
155,../data/processed/audio_segments/10_seg00155.wav,10,40.0,50.0,10.0,马头琴,蒙古族 传统 器乐 独奏,马头琴独奏，蒙古族传统器乐风格，干净清晰的录音
156,../data/processed/audio_segments/10_seg00156.wav,10,48.0,58.0,10.0,马头琴,蒙古族 传统 器乐 独奏,马头琴独奏，蒙古族传统器乐风格，干净清晰的录音
157,../data/processed/audio_segments/10_seg00157.wav,10,56.0,66.0,10.0,马头琴,蒙古族 传统 器乐 独奏,马头琴独奏，蒙古族传统器乐风格，干净清晰的录音
158,../data/processed/audio_segments/10_seg00158.wav,10,64.0,74.0,10.0,马头琴,蒙古族 传统 器乐 独奏,马头琴独奏，蒙古族传统器乐风格，干净清晰的录音
159,../data/processed/audio_segments/10_seg00159.wav,10,72.0,82.0,10.0,马头琴,蒙古族 传统 器乐 独奏,马头琴独奏，蒙古族传统器乐风格，干净清晰的录音
160,../data/processed/audio_segments/10_seg00160.wav,10,80.0,90.0,10.0,马头琴,蒙古族 传统 器乐 独奏,马头琴独奏，蒙古族传统器乐风格，干净清晰的录音
161,../data/processed/audio_segments/10_seg00161.wav,10,88.0,98.0,10.0,马头琴,蒙古族 传统 器乐 独奏,马头琴独奏，蒙古族传统器乐风格，干净清晰的录音
162,../data/processed/audio_segments/10_seg00162.wav,10,96.0,106.0,10.0,马头琴,蒙古族 传统 器乐 独奏,马头琴独奏，蒙古族传统器乐风格，干净清晰的录音
163,../data/processed/audio_segments/10_seg00163.wav,10,104.0,114.0,10.0,马头琴,蒙古族 传统 器乐 独奏,马头琴独奏，蒙古族传统器乐风格，干净清晰的录音
164,../data/processed/audio_segments/10_seg00164.wav,10,112.0,122.0,10.0,马头琴,蒙古族 传统 器乐 独奏,马头琴独奏，蒙古族传统器乐风格，干净清晰的录音
165,../data/processed/audio_segments/10_seg00165.wav,10,120.0,130.0,10.0,马头琴,蒙古族 传统 器乐 独奏,马头琴独奏，蒙古族传统器乐风格，干净清晰的录音
166,../data/processed/audio_segments/10_seg00166.wav,10,128.0,138.0,10.0,马头琴,蒙古族 传统 器乐 独奏,马头琴独奏，蒙古族传统器乐风格，干净清晰的录音
167,../data/processed/audio_segments/11_seg00167.wav,11,0.0,10.0,10.0,马头琴,蒙古族 传统 器乐 独奏,马头琴独奏，蒙古族传统器乐风格，干净清晰的录音
168,../data/processed/audio_segments/11_seg00168.wav,11,8.0,18.0,10.0,马头琴,蒙古族 传统 器乐 独奏,马头琴独奏，蒙古族传统器乐风格，干净清晰的录音
169,../data/processed/audio_segments/11_seg00169.wav,11,16.0,26.0,10.0,马头琴,蒙古族 传统 器乐 独奏,马头琴独奏，蒙古族传统器乐风格，干净清晰的录音
170,../data/processed/audio_segments/11_seg00170.wav,11,24.0,34.0,10.0,马头琴,蒙古族 传统 器乐 独奏,马头琴独奏，蒙古族传统器乐风格，干净清晰的录音
171,../data/processed/audio_segments/11_seg00171.wav,11,32.0,42.0,10.0,马头琴,蒙古族 传统 器乐 独奏,马头琴独奏，蒙古族传统器乐风格，干净清晰的录音
172,../data/processed/audio_segments/11_seg00172.wav,11,40.0,50.0,10.0,马头琴,蒙古族 传统 器乐 独奏,马头琴独奏，蒙古族传统器乐风格，干净清晰的录音
173,../data/processed/audio_segments/11_seg00173.wav,11,48.0,58.0,10.0,马头琴,蒙古族 传统 器乐 独奏,马头琴独奏，蒙古族传统器乐风格，干净清晰的录音
174,../data/processed/audio_segments/11_seg00174.wav,11,56.0,66.0,10.0,马头琴,蒙古族 传统 器乐 独奏,马头琴独奏，蒙古族传统器乐风格，干净清晰的录音
175,../data/processed/audio_segments/11_seg00175.wav,11,64.0,74.0,10.0,马头琴,蒙古族 传统 器乐 独奏,马头琴独奏，蒙古族传统器乐风格，干净清晰的录音
176,../data/processed/audio_segments/11_seg00176.wav,11,72.0,82.0,10.0,马头琴,蒙古族 传统 器乐 独奏,马头琴独奏，蒙古族传统器乐风格，干净清晰的录音
177,../data/processed/audio_segments/11_seg00177.wav,11,80.0,90.0,10.0,马头琴,蒙古族 传统 器乐 独奏,马头琴独奏，蒙古族传统器乐风格，干净清晰的录音
178,../data/processed/audio_segments/11_seg00178.wav,11,88.0,98.0,10.0,马头琴,蒙古族 传统 器乐 独奏,马头琴独奏，蒙古族传统器乐风格，干净清晰的录音
179,../data/processed/audio_segments/11_seg00179.wav,11,96.0,106.0,10.0,马头琴,蒙古族 传统 器乐 独奏,马头琴独奏，蒙古族传统器乐风格，干净清晰的录音
180,../data/processed/audio_segments/11_seg00180.wav,11,104.0,114.0,10.0,马头琴,蒙古族 传统 器乐 独奏,马头琴独奏，蒙古族传统器乐风格，干净清晰的录音
181,../data/processed/audio_segments/11_seg00181.wav,11,112.0,122.0,10.0,马头琴,蒙古族 传统 器乐 独奏,马头琴独奏，蒙古族传统器乐风格，干净清晰的录音
182,../data/processed/audio_segments/12_seg00182.wav,12,0.0,10.0,10.0,马头琴,蒙古族 传统 器乐 独奏,马头琴独奏，蒙古族传统器乐风格，干净清晰的录音
183,../data/processed/audio_segments/12_seg00183.wav,12,8.0,18.0,10.0,马头琴,蒙古族 传统 器乐 独奏,马头琴独奏，蒙古族传统器乐风格，干净清晰的录音
184,../data/processed/audio_segments/12_seg00184.wav,12,16.0,26.0,10.0,马头琴,蒙古族 传统 器乐 独奏,马头琴独奏，蒙古族传统器乐风格，干净清晰的录音
185,../data/processed/audio_segments/12_seg00185.wav,12,24.0,34.0,10.0,马头琴,蒙古族 传统 器乐 独奏,马头琴独奏，蒙古族传统器乐风格，干净清晰的录音
186,../data/processed/audio_segments/12_seg00186.wav,12,32.0,42.0,10.0,马头琴,蒙古族 传统 器乐 独奏,马头琴独奏，蒙古族传统器乐风格，干净清晰的录音
187,../data/processed/audio_segments/12_seg00187.wav,12,40.0,50.0,10.0,马头琴,蒙古族 传统 器乐 独奏,马头琴独奏，蒙古族传统器乐风格，干净清晰的录音
188,../data/processed/audio_segments/12_seg00188.wav,12,48.0,58.0,10.0,马头琴,蒙古族 传统 器乐 独奏,马头琴独奏，蒙古族传统器乐风格，干净清晰的录音
189,../data/processed/audio_segments/12_seg00189.wav,12,56.0,66.0,10.0,马头琴,蒙古族 传统 器乐 独奏,马头琴独奏，蒙古族传统器乐风格，干净清晰的录音
190,../data/processed/audio_segments/12_seg00190.wav,12,64.0,74.0,10.0,马头琴,蒙古族 传统 器乐 独奏,马头琴独奏，蒙古族传统器乐风格，干净清晰的录音
191,../data/processed/audio_segments/12_seg00191.wav,12,72.0,82.0,10.0,马头琴,蒙古族 传统 器乐 独奏,马头琴独奏，蒙古族传统器乐风格，干净清晰的录音
192,../data/processed/audio_segments/12_seg00192.wav,12,80.0,90.0,10.0,马头琴,蒙古族 传统 器乐 独奏,马头琴独奏，蒙古族传统器乐风格，干净清晰的录音
193,../data/processed/audio_segments/12_seg00193.wav,12,88.0,98.0,10.0,马头琴,蒙古族 传统 器乐 独奏,马头琴独奏，蒙古族传统器乐风格，干净清晰的录音
194,../data/processed/audio_segments/12_seg00194.wav,12,96.0,106.0,10.0,马头琴,蒙古族 传统 器乐 独奏,马头琴独奏，蒙古族传统器乐风格，干净清晰的录音
195,../data/processed/audio_segments/12_seg00195.wav,12,104.0,114.0,10.0,马头琴,蒙古族 传统 器乐 独奏,马头琴独奏，蒙古族传统器乐风格，干净清晰的录音
196,../data/processed/audio_segments/13_seg00196.wav,13,0.0,10.0,10.0,马头琴,蒙古族 传统 器乐 独奏,马头琴独奏，蒙古族传统器乐风格，干净清晰的录音
197,../data/processed/audio_segments/13_seg00197.wav,13,8.0,18.0,10.0,马头琴,蒙古族 传统 器乐 独奏,马头琴独奏，蒙古族传统器乐风格，干净清晰的录音
198,../data/processed/audio_segments/13_seg00198.wav,13,16.0,26.0,10.0,马头琴,蒙古族 传统 器乐 独奏,马头琴独奏，蒙古族传统器乐风格，干净清晰的录音
199,../data/processed/audio_segments/13_seg00199.wav,13,24.0,34.0,10.0,马头琴,蒙古族 传统 器乐 独奏,马头琴独奏，蒙古族传统器乐风格，干净清晰的录音
200,../data/processed/audio_segments/13_seg00200.wav,13,32.0,42.0,10.0,马头琴,蒙古族 传统 器乐 独奏,马头琴独奏，蒙古族传统器乐风格，干净清晰的录音
201,../data/processed/audio_segments/13_seg00201.wav,13,40.0,50.0,10.0,马头琴,蒙古族 传统 器乐 独奏,马头琴独奏，蒙古族传统器乐风格，干净清晰的录音
202,../data/processed/audio_segments/13_seg00202.wav,13,48.0,58.0,10.0,马头琴,蒙古族 传统 器乐 独奏,马头琴独奏，蒙古族传统器乐风格，干净清晰的录音
203,../data/processed/audio_segments/13_seg00203.wav,13,56.0,66.0,10.0,马头琴,蒙古族 传统 器乐 独奏,马头琴独奏，蒙古族传统器乐风格，干净清晰的录音
204,../data/processed/audio_segments/13_seg00204.wav,13,64.0,74.0,10.0,马头琴,蒙古族 传统 器乐 独奏,马头琴独奏，蒙古族传统器乐风格，干净清晰的录音
205,../data/processed/audio_segments/13_seg00205.wav,13,72.0,82.0,10.0,马头琴,蒙古族 传统 器乐 独奏,马头琴独奏，蒙古族传统器乐风格，干净清晰的录音
206,../data/processed/audio_segments/13_seg00206.wav,13,80.0,90.0,10.0,马头琴,蒙古族 传统 器乐 独奏,马头琴独奏，蒙古族传统器乐风格，干净清晰的录音
207,../data/processed/audio_segments/13_seg00207.wav,13,88.0,98.0,10.0,马头琴,蒙古族 传统 器乐 独奏,马头琴独奏，蒙古族传统器乐风格，干净清晰的录音
208,../data/processed/audio_segments/13_seg00208.wav,13,96.0,106.0,10.0,马头琴,蒙古族 传统 器乐 独奏,马头琴独奏，蒙古族传统器乐风格，干净清晰的录音
209,../data/processed/audio_segments/13_seg00209.wav,13,104.0,114.0,10.0,马头琴,蒙古族 传统 器乐 独奏,马头琴独奏，蒙古族传统器乐风格，干净清晰的录音
210,../data/processed/audio_segments/13_seg00210.wav,13,112.0,122.0,10.0,马头琴,蒙古族 传统 器乐 独奏,马头琴独奏，蒙古族传统器乐风格，干净清晰的录音
211,../data/processed/audio_segments/13_seg00211.wav,13,120.0,130.0,10.0,马头琴,蒙古族 传统 器乐 独奏,马头琴独奏，蒙古族传统器乐风格，干净清晰的录音
212,../data/processed/audio_segments/13_seg00212.wav,13,128.0,138.0,10.0,马头琴,蒙古族 传统 器乐 独奏,马头琴独奏，蒙古族传统器乐风格，干净清晰的录音
213,../data/processed/audio_segments/13_seg00213.wav,13,136.0,146.0,10.0,马头琴,蒙古族 传统 器乐 独奏,马头琴独奏，蒙古族传统器乐风格，干净清晰的录音
214,../data/processed/audio_segments/14_seg00214.wav,14,0.0,10.0,10.0,马头琴,蒙古族 传统 器乐 独奏,马头琴独奏，蒙古族传统器乐风格，干净清晰的录音
215,../data/processed/audio_segments/14_seg00215.wav,14,8.0,18.0,10.0,马头琴,蒙古族 传统 器乐 独奏,马头琴独奏，蒙古族传统器乐风格，干净清晰的录音
216,../data/processed/audio_segments/14_seg00216.wav,14,16.0,26.0,10.0,马头琴,蒙古族 传统 器乐 独奏,马头琴独奏，蒙古族传统器乐风格，干净清晰的录音
217,../data/processed/audio_segments/14_seg00217.wav,14,24.0,34.0,10.0,马头琴,蒙古族 传统 器乐 独奏,马头琴独奏，蒙古族传统器乐风格，干净清晰的录音
218,../data/processed/audio_segments/14_seg00218.wav,14,32.0,42.0,10.0,马头琴,蒙古族 传统 器乐 独奏,马头琴独奏，蒙古族传统器乐风格，干净清晰的录音
219,../data/processed/audio_segments/14_seg00219.wav,14,40.0,50.0,10.0,马头琴,蒙古族 传统 器乐 独奏,马头琴独奏，蒙古族传统器乐风格，干净清晰的录音
220,../data/processed/audio_segments/14_seg00220.wav,14,48.0,58.0,10.0,马头琴,蒙古族 传统 器乐 独奏,马头琴独奏，蒙古族传统器乐风格，干净清晰的录音
221,../data/processed/audio_segments/14_seg00221.wav,14,56.0,66.0,10.0,马头琴,蒙古族 传统 器乐 独奏,马头琴独奏，蒙古族传统器乐风格，干净清晰的录音
222,../data/processed/audio_segments/14_seg00222.wav,14,64.0,74.0,10.0,马头琴,蒙古族 传统 器乐 独奏,马头琴独奏，蒙古族传统器乐风格，干净清晰的录音
223,../data/processed/audio_segments/14_seg00223.wav,14,72.0,82.0,10.0,马头琴,蒙古族 传统 器乐 独奏,马头琴独奏，蒙古族传统器乐风格，干净清晰的录音
224,../data/processed/audio_segments/14_seg00224.wav,14,80.0,90.0,10.0,马头琴,蒙古族 传统 器乐 独奏,马头琴独奏，蒙古族传统器乐风格，干净清晰的录音
225,../data/processed/audio_segments/14_seg00225.wav,14,88.0,98.0,10.0,马头琴,蒙古族 传统 器乐 独奏,马头琴独奏，蒙古族传统器乐风格，干净清晰的录音
226,../data/processed/audio_segments/14_seg00226.wav,14,96.0,106.0,10.0,马头琴,蒙古族 传统 器乐 独奏,马头琴独奏，蒙古族传统器乐风格，干净清晰的录音
227,../data/processed/audio_segments/14_seg00227.wav,14,104.0,114.0,10.0,马头琴,蒙古族 传统 器乐 独奏,马头琴独奏，蒙古族传统器乐风格，干净清晰的录音
228,../data/processed/audio_segments/14_seg00228.wav,14,112.0,122.0,10.0,马头琴,蒙古族 传统 器乐 独奏,马头琴独奏，蒙古族传统器乐风格，干净清晰的录音
229,../data/processed/audio_segments/14_seg00229.wav,14,120.0,130.0,10.0,马头琴,蒙古族 传统 器乐 独奏,马头琴独奏，蒙古族传统器乐风格，干净清晰的录音
230,../data/processed/audio_segments/14_seg00230.wav,14,128.0,138.0,10.0,马头琴,蒙古族 传统 器乐 独奏,马头琴独奏，蒙古族传统器乐风格，干净清晰的录音
231,../data/processed/audio_segments/14_seg00231.wav,14,136.0,146.0,10.0,马头琴,蒙古族 传统 器乐 独奏,马头琴独奏，蒙古族传统器乐风格，干净清晰的录音
270,../data/processed/audio_segments/17_seg00270.wav,17,0.0,10.0,10.0,马头琴,蒙古族 传统 器乐 独奏,马头琴独奏，蒙古族传统器乐风格，干净清晰的录音
271,../data/processed/audio_segments/17_seg00271.wav,17,8.0,18.0,10.0,马头琴,蒙古族 传统 器乐 独奏,马头琴独奏，蒙古族传统器乐风格，干净清晰的录音
272,../data/processed/audio_segments/17_seg00272.wav,17,16.0,26.0,10.0,马头琴,蒙古族 传统 器乐 独奏,马头琴独奏，蒙古族传统器乐风格，干净清晰的录音
273,../data/processed/audio_segments/17_seg00273.wav,17,24.0,34.0,10.0,马头琴,蒙古族 传统 器乐 独奏,马头琴独奏，蒙古族传统器乐风格，干净清晰的录音
274,../data/processed/audio_segments/17_seg00274.wav,17,32.0,42.0,10.0,马头琴,蒙古族 传统 器乐 独奏,马头琴独奏，蒙古族传统器乐风格，干净清晰的录音
275,../data/processed/audio_segments/17_seg00275.wav,17,40.0,50.0,10.0,马头琴,蒙古族 传统 器乐 独奏,马头琴独奏，蒙古族传统器乐风格，干净清晰的录音
276,../data/processed/audio_segments/17_seg00276.wav,17,48.0,58.0,10.0,马头琴,蒙古族 传统 器乐 独奏,马头琴独奏，蒙古族传统器乐风格，干净清晰的录音
277,../data/processed/audio_segments/17_seg00277.wav,17,56.0,66.0,10.0,马头琴,蒙古族 传统 器乐 独奏,马头琴独奏，蒙古族传统器乐风格，干净清晰的录音
278,../data/processed/audio_segments/17_seg00278.wav,17,64.0,74.0,10.0,马头琴,蒙古族 传统 器乐 独奏,马头琴独奏，蒙古族传统器乐风格，干净清晰的录音
279,../data/processed/audio_segments/17_seg00279.wav,17,72.0,82.0,10.0,马头琴,蒙古族 传统 器乐 独奏,马头琴独奏，蒙古族传统器乐风格，干净清晰的录音
280,../data/processed/audio_segments/17_seg00280.wav,17,80.0,90.0,10.0,马头琴,蒙古族 传统 器乐 独奏,马头琴独奏，蒙古族传统器乐风格，干净清晰的录音
281,../data/processed/audio_segments/17_seg00281.wav,17,88.0,98.0,10.0,马头琴,蒙古族 传统 器乐 独奏,马头琴独奏，蒙古族传统器乐风格，干净清晰的录音
282,../data/processed/audio_segments/17_seg00282.wav,17,96.0,106.0,10.0,马头琴,蒙古族 传统 器乐 独奏,马头琴独奏，蒙古族传统器乐风格，干净清晰的录音
283,../data/processed/audio_segments/17_seg00283.wav,17,104.0,114.0,10.0,马头琴,蒙古族 传统 器乐 独奏,马头琴独奏，蒙古族传统器乐风格，干净清晰的录音
284,../data/processed/audio_segments/17_seg00284.wav,17,112.0,122.0,10.0,马头琴,蒙古族 传统 器乐 独奏,马头琴独奏，蒙古族传统器乐风格，干净清晰的录音
285,../data/processed/audio_segments/17_seg00285.wav,17,120.0,130.0,10.0,马头琴,蒙古族 传统 器乐 独奏,马头琴独奏，蒙古族传统器乐风格，干净清晰的录音
286,../data/processed/audio_segments/17_seg00286.wav,17,128.0,138.0,10.0,马头琴,蒙古族 传统 器乐 独奏,马头琴独奏，蒙古族传统器乐风格，干净清晰的录音
287,../data/processed/audio_segments/17_seg00287.wav,17,136.0,146.0,10.0,马头琴,蒙古族 传统 器乐 独奏,马头琴独奏，蒙古族传统器乐风格，干净清晰的录音
288,../data/processed/audio_segments/17_seg00288.wav,17,144.0,154.0,10.0,马头琴,蒙古族 传统 器乐 独奏,马头琴独奏，蒙古族传统器乐风格，干净清晰的录音
289,../data/processed/audio_segments/17_seg00289.wav,17,152.0,162.0,10.0,马头琴,蒙古族 传统 器乐 独奏,马头琴独奏，蒙古族传统器乐风格，干净清晰的录音
310,../data/processed/audio_segments/19_seg00310.wav,19,0.0,10.0,10.0,马头琴,蒙古族 传统 器乐 独奏,马头琴独奏，蒙古族传统器乐风格，干净清晰的录音
311,../data/processed/audio_segments/19_seg00311.wav,19,8.0,18.0,10.0,马头琴,蒙古族 传统 器乐 独奏,马头琴独奏，蒙古族传统器乐风格，干净清晰的录音
312,../data/processed/audio_segments/19_seg00312.wav,19,16.0,26.0,10.0,马头琴,蒙古族 传统 器乐 独奏,马头琴独奏，蒙古族传统器乐风格，干净清晰的录音
313,../data/processed/audio_segments/19_seg00313.wav,19,24.0,34.0,10.0,马头琴,蒙古族 传统 器乐 独奏,马头琴独奏，蒙古族传统器乐风格，干净清晰的录音
314,../data/processed/audio_segments/19_seg00314.wav,19,32.0,42.0,10.0,马头琴,蒙古族 传统 器乐 独奏,马头琴独奏，蒙古族传统器乐风格，干净清晰的录音
315,../data/processed/audio_segments/19_seg00315.wav,19,40.0,50.0,10.0,马头琴,蒙古族 传统 器乐 独奏,马头琴独奏，蒙古族传统器乐风格，干净清晰的录音
316,../data/processed/audio_segments/19_seg00316.wav,19,48.0,58.0,10.0,马头琴,蒙古族 传统 器乐 独奏,马头琴独奏，蒙古族传统器乐风格，干净清晰的录音
317,../data/processed/audio_segments/19_seg00317.wav,19,56.0,66.0,10.0,马头琴,蒙古族 传统 器乐 独奏,马头琴独奏，蒙古族传统器乐风格，干净清晰的录音
318,../data/processed/audio_segments/19_seg00318.wav,19,64.0,74.0,10.0,马头琴,蒙古族 传统 器乐 独奏,马头琴独奏，蒙古族传统器乐风格，干净清晰的录音
319,../data/processed/audio_segments/19_seg00319.wav,19,72.0,82.0,10.0,马头琴,蒙古族 传统 器乐 独奏,马头琴独奏，蒙古族传统器乐风格，干净清晰的录音
320,../data/processed/audio_segments/19_seg00320.wav,19,80.0,90.0,10.0,马头琴,蒙古族 传统 器乐 独奏,马头琴独奏，蒙古族传统器乐风格，干净清晰的录音
321,../data/processed/audio_segments/19_seg00321.wav,19,88.0,98.0,10.0,马头琴,蒙古族 传统 器乐 独奏,马头琴独奏，蒙古族传统器乐风格，干净清晰的录音
322,../data/processed/audio_segments/19_seg00322.wav,19,96.0,106.0,10.0,马头琴,蒙古族 传统 器乐 独奏,马头琴独奏，蒙古族传统器乐风格，干净清晰的录音
323,../data/processed/audio_segments/20_seg00323.wav,20,0.0,10.0,10.0,马头琴,蒙古族 传统 器乐 独奏,马头琴独奏，蒙古族传统器乐风格，干净清晰的录音
324,../data/processed/audio_segments/20_seg00324.wav,20,8.0,18.0,10.0,马头琴,蒙古族 传统 器乐 独奏,马头琴独奏，蒙古族传统器乐风格，干净清晰的录音
325,../data/processed/audio_segments/20_seg00325.wav,20,16.0,26.0,10.0,马头琴,蒙古族 传统 器乐 独奏,马头琴独奏，蒙古族传统器乐风格，干净清晰的录音
326,../data/processed/audio_segments/20_seg00326.wav,20,24.0,34.0,10.0,马头琴,蒙古族 传统 器乐 独奏,马头琴独奏，蒙古族传统器乐风格，干净清晰的录音
327,../data/processed/audio_segments/20_seg00327.wav,20,32.0,42.0,10.0,马头琴,蒙古族 传统 器乐 独奏,马头琴独奏，蒙古族传统器乐风格，干净清晰的录音
328,../data/processed/audio_segments/20_seg00328.wav,20,40.0,50.0,10.0,马头琴,蒙古族 传统 器乐 独奏,马头琴独奏，蒙古族传统器乐风格，干净清晰的录音
329,../data/processed/audio_segments/20_seg00329.wav,20,48.0,58.0,10.0,马头琴,蒙古族 传统 器乐 独奏,马头琴独奏，蒙古族传统器乐风格，干净清晰的录音
330,../data/processed/audio_segments/20_seg00330.wav,20,56.0,66.0,10.0,马头琴,蒙古族 传统 器乐 独奏,马头琴独奏，蒙古族传统器乐风格，干净清晰的录音
331,../data/processed/audio_segments/20_seg00331.wav,20,64.0,74.0,10.0,马头琴,蒙古族 传统 器乐 独奏,马头琴独奏，蒙古族传统器乐风格，干净清晰的录音
332,../data/processed/audio_segments/20_seg00332.wav,20,72.0,82.0,10.0,马头琴,蒙古族 传统 器乐 独奏,马头琴独奏，蒙古族传统器乐风格，干净清晰的录音
333,../data/processed/audio_segments/20_seg00333.wav,20,80.0,90.0,10.0,马头琴,蒙古族 传统 器乐 独奏,马头琴独奏，蒙古族传统器乐风格，干净清晰的录音
334,../data/processed/audio_segments/20_seg00334.wav,20,88.0,98.0,10.0,马头琴,蒙古族 传统 器乐 独奏,马头琴独奏，蒙古族传统器乐风格，干净清晰的录音
335,../data/processed/audio_segments/20_seg00335.wav,20,96.0,106.0,10.0,马头琴,蒙古族 传统 器乐 独奏,马头琴独奏，蒙古族传统器乐风格，干净清晰的录音
336,../data/processed/audio_segments/20_seg00336.wav,20,104.0,114.0,10.0,马头琴,蒙古族 传统 器乐 独奏,马头琴独奏，蒙古族传统器乐风格，干净清晰的录音
337,../data/processed/audio_segments/21_seg00337.wav,21,0.0,10.0,10.0,马头琴,蒙古族 传统 器乐 独奏,马头琴独奏，蒙古族传统器乐风格，干净清晰的录音
338,../data/processed/audio_segments/21_seg00338.wav,21,8.0,18.0,10.0,马头琴,蒙古族 传统 器乐 独奏,马头琴独奏，蒙古族传统器乐风格，干净清晰的录音
339,../data/processed/audio_segments/21_seg00339.wav,21,16.0,26.0,10.0,马头琴,蒙古族 传统 器乐 独奏,马头琴独奏，蒙古族传统器乐风格，干净清晰的录音
340,../data/processed/audio_segments/21_seg00340.wav,21,24.0,34.0,10.0,马头琴,蒙古族 传统 器乐 独奏,马头琴独奏，蒙古族传统器乐风格，干净清晰的录音
341,../data/processed/audio_segments/21_seg00341.wav,21,32.0,42.0,10.0,马头琴,蒙古族 传统 器乐 独奏,马头琴独奏，蒙古族传统器乐风格，干净清晰的录音
342,../data/processed/audio_segments/21_seg00342.wav,21,40.0,50.0,10.0,马头琴,蒙古族 传统 器乐 独奏,马头琴独奏，蒙古族传统器乐风格，干净清晰的录音
343,../data/processed/audio_segments/21_seg00343.wav,21,48.0,58.0,10.0,马头琴,蒙古族 传统 器乐 独奏,马头琴独奏，蒙古族传统器乐风格，干净清晰的录音
344,../data/processed/audio_segments/21_seg00344.wav,21,56.0,66.0,10.0,马头琴,蒙古族 传统 器乐 独奏,马头琴独奏，蒙古族传统器乐风格，干净清晰的录音
345,../data/processed/audio_segments/21_seg00345.wav,21,64.0,74.0,10.0,马头琴,蒙古族 传统 器乐 独奏,马头琴独奏，蒙古族传统器乐风格，干净清晰的录音
346,../data/processed/audio_segments/21_seg00346.wav,21,72.0,82.0,10.0,马头琴,蒙古族 传统 器乐 独奏,马头琴独奏，蒙古族传统器乐风格，干净清晰的录音
347,../data/processed/audio_segments/21_seg00347.wav,21,80.0,90.0,10.0,马头琴,蒙古族 传统 器乐 独奏,马头琴独奏，蒙古族传统器乐风格，干净清晰的录音
348,../data/processed/audio_segments/21_seg00348.wav,21,88.0,98.0,10.0,马头琴,蒙古族 传统 器乐 独奏,马头琴独奏，蒙古族传统器乐风格，干净清晰的录音
349,../data/processed/audio_segments/21_seg00349.wav,21,96.0,106.0,10.0,马头琴,蒙古族 传统 器乐 独奏,马头琴独奏，蒙古族传统器乐风格，干净清晰的录音
350,../data/processed/audio_segments/21_seg00350.wav,21,104.0,114.0,10.0,马头琴,蒙古族 传统 器乐 独奏,马头琴独奏，蒙古族传统器乐风格，干净清晰的录音
351,../data/processed/audio_segments/21_seg00351.wav,21,112.0,122.0,10.0,马头琴,蒙古族 传统 器乐 独奏,马头琴独奏，蒙古族传统器乐风格，干净清晰的录音
352,../data/processed/audio_segments/21_seg00352.wav,21,120.0,130.0,10.0,马头琴,蒙古族 传统 器乐 独奏,马头琴独奏，蒙古族传统器乐风格，干净清晰的录音
353,../data/processed/audio_segments/21_seg00353.wav,21,128.0,138.0,10.0,马头琴,蒙古族 传统 器乐 独奏,马头琴独奏，蒙古族传统器乐风格，干净清晰的录音
354,../data/processed/audio_segments/21_seg00354.wav,21,136.0,146.0,10.0,马头琴,蒙古族 传统 器乐 独奏,马头琴独奏，蒙古族传统器乐风格，干净清晰的录音
355,../data/processed/audio_segments/22_seg00355.wav,22,0.0,10.0,10.0,马头琴,蒙古族 传统 器乐 独奏,马头琴独奏，蒙古族传统器乐风格，干净清晰的录音
356,../data/processed/audio_segments/22_seg00356.wav,22,8.0,18.0,10.0,马头琴,蒙古族 传统 器乐 独奏,马头琴独奏，蒙古族传统器乐风格，干净清晰的录音
357,../data/processed/audio_segments/22_seg00357.wav,22,16.0,26.0,10.0,马头琴,蒙古族 传统 器乐 独奏,马头琴独奏，蒙古族传统器乐风格，干净清晰的录音
358,../data/processed/audio_segments/22_seg00358.wav,22,24.0,34.0,10.0,马头琴,蒙古族 传统 器乐 独奏,马头琴独奏，蒙古族传统器乐风格，干净清晰的录音
359,../data/processed/audio_segments/22_seg00359.wav,22,32.0,42.0,10.0,马头琴,蒙古族 传统 器乐 独奏,马头琴独奏，蒙古族传统器乐风格，干净清晰的录音
360,../data/processed/audio_segments/22_seg00360.wav,22,40.0,50.0,10.0,马头琴,蒙古族 传统 器乐 独奏,马头琴独奏，蒙古族传统器乐风格，干净清晰的录音
361,../data/processed/audio_segments/22_seg00361.wav,22,48.0,58.0,10.0,马头琴,蒙古族 传统 器乐 独奏,马头琴独奏，蒙古族传统器乐风格，干净清晰的录音
362,../data/processed/audio_segments/22_seg00362.wav,22,56.0,66.0,10.0,马头琴,蒙古族 传统 器乐 独奏,马头琴独奏，蒙古族传统器乐风格，干净清晰的录音
363,../data/processed/audio_segments/22_seg00363.wav,22,64.0,74.0,10.0,马头琴,蒙古族 传统 器乐 独奏,马头琴独奏，蒙古族传统器乐风格，干净清晰的录音
364,../data/processed/audio_segments/22_seg00364.wav,22,72.0,82.0,10.0,马头琴,蒙古族 传统 器乐 独奏,马头琴独奏，蒙古族传统器乐风格，干净清晰的录音
365,../data/processed/audio_segments/22_seg00365.wav,22,80.0,90.0,10.0,马头琴,蒙古族 传统 器乐 独奏,马头琴独奏，蒙古族传统器乐风格，干净清晰的录音
366,../data/processed/audio_segments/22_seg00366.wav,22,88.0,98.0,10.0,马头琴,蒙古族 传统 器乐 独奏,马头琴独奏，蒙古族传统器乐风格，干净清晰的录音
367,../data/processed/audio_segments/22_seg00367.wav,22,96.0,106.0,10.0,马头琴,蒙古族 传统 器乐 独奏,马头琴独奏，蒙古族传统器乐风格，干净清晰的录音
368,../data/processed/audio_segments/22_seg00368.wav,22,104.0,114.0,10.0,马头琴,蒙古族 传统 器乐 独奏,马头琴独奏，蒙古族传统器乐风格，干净清晰的录音
369,../data/processed/audio_segments/22_seg00369.wav,22,112.0,122.0,10.0,马头琴,蒙古族 传统 器乐 独奏,马头琴独奏，蒙古族传统器乐风格，干净清晰的录音
370,../data/processed/audio_segments/22_seg00370.wav,22,120.0,130.0,10.0,马头琴,蒙古族 传统 器乐 独奏,马头琴独奏，蒙古族传统器乐风格，干净清晰的录音
371,../data/processed/audio_segments/22_seg00371.wav,22,128.0,138.0,10.0,马头琴,蒙古族 传统 器乐 独奏,马头琴独奏，蒙古族传统器乐风格，干净清晰的录音
372,../data/processed/audio_segments/22_seg00372.wav,22,136.0,146.0,10.0,马头琴,蒙古族 传统 器乐 独奏,马头琴独奏，蒙古族传统器乐风格，干净清晰的录音
373,../data/processed/audio_segments/22_seg00373.wav,22,144.0,154.0,10.0,马头琴,蒙古族 传统 器乐 独奏,马头琴独奏，蒙古族传统器乐风格，干净清晰的录音
374,../data/processed/audio_segments/22_seg00374.wav,22,152.0,162.0,10.0,马头琴,蒙古族 传统 器乐 独奏,马头琴独奏，蒙古族传统器乐风格，干净清晰的录音
375,../data/processed/audio_segments/23_seg00375.wav,23,0.0,10.0,10.0,马头琴,蒙古族 传统 器乐 独奏,马头琴独奏，蒙古族传统器乐风格，干净清晰的录音
376,../data/processed/audio_segments/23_seg00376.wav,23,8.0,18.0,10.0,马头琴,蒙古族 传统 器乐 独奏,马头琴独奏，蒙古族传统器乐风格，干净清晰的录音
377,../data/processed/audio_segments/23_seg00377.wav,23,16.0,26.0,10.0,马头琴,蒙古族 传统 器乐 独奏,马头琴独奏，蒙古族传统器乐风格，干净清晰的录音
378,../data/processed/audio_segments/23_seg00378.wav,23,24.0,34.0,10.0,马头琴,蒙古族 传统 器乐 独奏,马头琴独奏，蒙古族传统器乐风格，干净清晰的录音
379,../data/processed/audio_segments/23_seg00379.wav,23,32.0,42.0,10.0,马头琴,蒙古族 传统 器乐 独奏,马头琴独奏，蒙古族传统器乐风格，干净清晰的录音
380,../data/processed/audio_segments/23_seg00380.wav,23,40.0,50.0,10.0,马头琴,蒙古族 传统 器乐 独奏,马头琴独奏，蒙古族传统器乐风格，干净清晰的录音
381,../data/processed/audio_segments/23_seg00381.wav,23,48.0,58.0,10.0,马头琴,蒙古族 传统 器乐 独奏,马头琴独奏，蒙古族传统器乐风格，干净清晰的录音
382,../data/processed/audio_segments/23_seg00382.wav,23,56.0,66.0,10.0,马头琴,蒙古族 传统 器乐 独奏,马头琴独奏，蒙古族传统器乐风格，干净清晰的录音
383,../data/processed/audio_segments/23_seg00383.wav,23,64.0,74.0,10.0,马头琴,蒙古族 传统 器乐 独奏,马头琴独奏，蒙古族传统器乐风格，干净清晰的录音
384,../data/processed/audio_segments/23_seg00384.wav,23,72.0,82.0,10.0,马头琴,蒙古族 传统 器乐 独奏,马头琴独奏，蒙古族传统器乐风格，干净清晰的录音
385,../data/processed/audio_segments/23_seg00385.wav,23,80.0,90.0,10.0,马头琴,蒙古族 传统 器乐 独奏,马头琴独奏，蒙古族传统器乐风格，干净清晰的录音
386,../data/processed/audio_segments/23_seg00386.wav,23,88.0,98.0,10.0,马头琴,蒙古族 传统 器乐 独奏,马头琴独奏，蒙古族传统器乐风格，干净清晰的录音
387,../data/processed/audio_segments/23_seg00387.wav,23,96.0,106.0,10.0,马头琴,蒙古族 传统 器乐 独奏,马头琴独奏，蒙古族传统器乐风格，干净清晰的录音
388,../data/processed/audio_segments/23_seg00388.wav,23,104.0,114.0,10.0,马头琴,蒙古族 传统 器乐 独奏,马头琴独奏，蒙古族传统器乐风格，干净清晰的录音
389,../data/processed/audio_segments/23_seg00389.wav,23,112.0,122.0,10.0,马头琴,蒙古族 传统 器乐 独奏,马头琴独奏，蒙古族传统器乐风格，干净清晰的录音
390,../data/processed/audio_segments/23_seg00390.wav,23,120.0,130.0,10.0,马头琴,蒙古族 传统 器乐 独奏,马头琴独奏，蒙古族传统器乐风格，干净清晰的录音
391,../data/processed/audio_segments/23_seg00391.wav,23,128.0,138.0,10.0,马头琴,蒙古族 传统 器乐 独奏,马头琴独奏，蒙古族传统器乐风格，干净清晰的录音
392,../data/processed/audio_segments/24_seg00392.wav,24,0.0,10.0,10.0,马头琴,蒙古族 传统 器乐 独奏,马头琴独奏，蒙古族传统器乐风格，干净清晰的录音
393,../data/processed/audio_segments/24_seg00393.wav,24,8.0,18.0,10.0,马头琴,蒙古族 传统 器乐 独奏,马头琴独奏，蒙古族传统器乐风格，干净清晰的录音
394,../data/processed/audio_segments/24_seg00394.wav,24,16.0,26.0,10.0,马头琴,蒙古族 传统 器乐 独奏,马头琴独奏，蒙古族传统器乐风格，干净清晰的录音
395,../data/processed/audio_segments/24_seg00395.wav,24,24.0,34.0,10.0,马头琴,蒙古族 传统 器乐 独奏,马头琴独奏，蒙古族传统器乐风格，干净清晰的录音
396,../data/processed/audio_segments/24_seg00396.wav,24,32.0,42.0,10.0,马头琴,蒙古族 传统 器乐 独奏,马头琴独奏，蒙古族传统器乐风格，干净清晰的录音
397,../data/processed/audio_segments/24_seg00397.wav,24,40.0,50.0,10.0,马头琴,蒙古族 传统 器乐 独奏,马头琴独奏，蒙古族传统器乐风格，干净清晰的录音
398,../data/processed/audio_segments/24_seg00398.wav,24,48.0,58.0,10.0,马头琴,蒙古族 传统 器乐 独奏,马头琴独奏，蒙古族传统器乐风格，干净清晰的录音
399,../data/processed/audio_segments/24_seg00399.wav,24,56.0,66.0,10.0,马头琴,蒙古族 传统 器乐 独奏,马头琴独奏，蒙古族传统器乐风格，干净清晰的录音
400,../data/processed/audio_segments/24_seg00400.wav,24,64.0,74.0,10.0,马头琴,蒙古族 传统 器乐 独奏,马头琴独奏，蒙古族传统器乐风格，干净清晰的录音
401,../data/processed/audio_segments/24_seg00401.wav,24,72.0,82.0,10.0,马头琴,蒙古族 传统 器乐 独奏,马头琴独奏，蒙古族传统器乐风格，干净清晰的录音
402,../data/processed/audio_segments/24_seg00402.wav,24,80.0,90.0,10.0,马头琴,蒙古族 传统 器乐 独奏,马头琴独奏，蒙古族传统器乐风格，干净清晰的录音
403,../data/processed/audio_segments/24_seg00403.wav,24,88.0,98.0,10.0,马头琴,蒙古族 传统 器乐 独奏,马头琴独奏，蒙古族传统器乐风格，干净清晰的录音
404,../data/processed/audio_segments/24_seg00404.wav,24,96.0,106.0,10.0,马头琴,蒙古族 传统 器乐 独奏,马头琴独奏，蒙古族传统器乐风格，干净清晰的录音
405,../data/processed/audio_segments/24_seg00405.wav,24,104.0,114.0,10.0,马头琴,蒙古族 传统 器乐 独奏,马头琴独奏，蒙古族传统器乐风格，干净清晰的录音
406,../data/processed/audio_segments/24_seg00406.wav,24,112.0,122.0,10.0,马头琴,蒙古族 传统 器乐 独奏,马头琴独奏，蒙古族传统器乐风格，干净清晰的录音
407,../data/processed/audio_segments/24_seg00407.wav,24,120.0,130.0,10.0,马头琴,蒙古族 传统 器乐 独奏,马头琴独奏，蒙古族传统器乐风格，干净清晰的录音
408,../data/processed/audio_segments/25_seg00408.wav,25,0.0,10.0,10.0,马头琴,蒙古族 传统 器乐 独奏,马头琴独奏，蒙古族传统器乐风格，干净清晰的录音
409,../data/processed/audio_segments/25_seg00409.wav,25,8.0,18.0,10.0,马头琴,蒙古族 传统 器乐 独奏,马头琴独奏，蒙古族传统器乐风格，干净清晰的录音
410,../data/processed/audio_segments/25_seg00410.wav,25,16.0,26.0,10.0,马头琴,蒙古族 传统 器乐 独奏,马头琴独奏，蒙古族传统器乐风格，干净清晰的录音
411,../data/processed/audio_segments/25_seg00411.wav,25,24.0,34.0,10.0,马头琴,蒙古族 传统 器乐 独奏,马头琴独奏，蒙古族传统器乐风格，干净清晰的录音
412,../data/processed/audio_segments/25_seg00412.wav,25,32.0,42.0,10.0,马头琴,蒙古族 传统 器乐 独奏,马头琴独奏，蒙古族传统器乐风格，干净清晰的录音
413,../data/processed/audio_segments/25_seg00413.wav,25,40.0,50.0,10.0,马头琴,蒙古族 传统 器乐 独奏,马头琴独奏，蒙古族传统器乐风格，干净清晰的录音
414,../data/processed/audio_segments/25_seg00414.wav,25,48.0,58.0,10.0,马头琴,蒙古族 传统 器乐 独奏,马头琴独奏，蒙古族传统器乐风格，干净清晰的录音
415,../data/processed/audio_segments/25_seg00415.wav,25,56.0,66.0,10.0,马头琴,蒙古族 传统 器乐 独奏,马头琴独奏，蒙古族传统器乐风格，干净清晰的录音
416,../data/processed/audio_segments/25_seg00416.wav,25,64.0,74.0,10.0,马头琴,蒙古族 传统 器乐 独奏,马头琴独奏，蒙古族传统器乐风格，干净清晰的录音
417,../data/processed/audio_segments/25_seg00417.wav,25,72.0,82.0,10.0,马头琴,蒙古族 传统 器乐 独奏,马头琴独奏，蒙古族传统器乐风格，干净清晰的录音
418,../data/processed/audio_segments/25_seg00418.wav,25,80.0,90.0,10.0,马头琴,蒙古族 传统 器乐 独奏,马头琴独奏，蒙古族传统器乐风格，干净清晰的录音
419,../data/processed/audio_segments/25_seg00419.wav,25,88.0,98.0,10.0,马头琴,蒙古族 传统 器乐 独奏,马头琴独奏，蒙古族传统器乐风格，干净清晰的录音
420,../data/processed/audio_segments/25_seg00420.wav,25,96.0,106.0,10.0,马头琴,蒙古族 传统 器乐 独奏,马头琴独奏，蒙古族传统器乐风格，干净清晰的录音
421,../data/processed/audio_segments/25_seg00421.wav,25,104.0,114.0,10.0,马头琴,蒙古族 传统 器乐 独奏,马头琴独奏，蒙古族传统器乐风格，干净清晰的录音
422,../data/processed/audio_segments/26_seg00422.wav,26,0.0,10.0,10.0,马头琴,蒙古族 传统 器乐 独奏,马头琴独奏，蒙古族传统器乐风格，干净清晰的录音
423,../data/processed/audio_segments/26_seg00423.wav,26,8.0,18.0,10.0,马头琴,蒙古族 传统 器乐 独奏,马头琴独奏，蒙古族传统器乐风格，干净清晰的录音
424,../data/processed/audio_segments/26_seg00424.wav,26,16.0,26.0,10.0,马头琴,蒙古族 传统 器乐 独奏,马头琴独奏，蒙古族传统器乐风格，干净清晰的录音
425,../data/processed/audio_segments/26_seg00425.wav,26,24.0,34.0,10.0,马头琴,蒙古族 传统 器乐 独奏,马头琴独奏，蒙古族传统器乐风格，干净清晰的录音
426,../data/processed/audio_segments/26_seg00426.wav,26,32.0,42.0,10.0,马头琴,蒙古族 传统 器乐 独奏,马头琴独奏，蒙古族传统器乐风格，干净清晰的录音
427,../data/processed/audio_segments/26_seg00427.wav,26,40.0,50.0,10.0,马头琴,蒙古族 传统 器乐 独奏,马头琴独奏，蒙古族传统器乐风格，干净清晰的录音
428,../data/processed/audio_segments/26_seg00428.wav,26,48.0,58.0,10.0,马头琴,蒙古族 传统 器乐 独奏,马头琴独奏，蒙古族传统器乐风格，干净清晰的录音
429,../data/processed/audio_segments/26_seg00429.wav,26,56.0,66.0,10.0,马头琴,蒙古族 传统 器乐 独奏,马头琴独奏，蒙古族传统器乐风格，干净清晰的录音
430,../data/processed/audio_segments/26_seg00430.wav,26,64.0,74.0,10.0,马头琴,蒙古族 传统 器乐 独奏,马头琴独奏，蒙古族传统器乐风格，干净清晰的录音
431,../data/processed/audio_segments/26_seg00431.wav,26,72.0,82.0,10.0,马头琴,蒙古族 传统 器乐 独奏,马头琴独奏，蒙古族传统器乐风格，干净清晰的录音
432,../data/processed/audio_segments/26_seg00432.wav,26,80.0,90.0,10.0,马头琴,蒙古族 传统 器乐 独奏,马头琴独奏，蒙古族传统器乐风格，干净清晰的录音
433,../data/processed/audio_segments/26_seg00433.wav,26,88.0,98.0,10.0,马头琴,蒙古族 传统 器乐 独奏,马头琴独奏，蒙古族传统器乐风格，干净清晰的录音
434,../data/processed/audio_segments/26_seg00434.wav,26,96.0,106.0,10.0,马头琴,蒙古族 传统 器乐 独奏,马头琴独奏，蒙古族传统器乐风格，干净清晰的录音
435,../data/processed/audio_segments/26_seg00435.wav,26,104.0,114.0,10.0,马头琴,蒙古族 传统 器乐 独奏,马头琴独奏，蒙古族传统器乐风格，干净清晰的录音
436,../data/processed/audio_segments/26_seg00436.wav,26,112.0,122.0,10.0,马头琴,蒙古族 传统 器乐 独奏,马头琴独奏，蒙古族传统器乐风格，干净清晰的录音
437,../data/processed/audio_segments/26_seg00437.wav,26,120.0,130.0,10.0,马头琴,蒙古族 传统 器乐 独奏,马头琴独奏，蒙古族传统器乐风格，干净清晰的录音
438,../data/processed/audio_segments/26_seg00438.wav,26,128.0,138.0,10.0,马头琴,蒙古族 传统 器乐 独奏,马头琴独奏，蒙古族传统器乐风格，干净清晰的录音
439,../data/processed/audio_segments/26_seg00439.wav,26,136.0,146.0,10.0,马头琴,蒙古族 传统 器乐 独奏,马头琴独奏，蒙古族传统器乐风格，干净清晰的录音
440,../data/processed/audio_segments/26_seg00440.wav,26,144.0,154.0,10.0,马头琴,蒙古族 传统 器乐 独奏,马头琴独奏，蒙古族传统器乐风格，干净清晰的录音
441,../data/processed/audio_segments/26_seg00441.wav,26,152.0,162.0,10.0,马头琴,蒙古族 传统 器乐 独奏,马头琴独奏，蒙古族传统器乐风格，干净清晰的录音
442,../data/processed/audio_segments/26_seg00442.wav,26,160.0,170.0,10.0,马头琴,蒙古族 传统 器乐 独奏,马头琴独奏，蒙古族传统器乐风格，干净清晰的录音
443,../data/processed/audio_segments/26_seg00443.wav,26,168.0,178.0,10.0,马头琴,蒙古族 传统 器乐 独奏,马头琴独奏，蒙古族传统器乐风格，干净清晰的录音
444,../data/processed/audio_segments/26_seg00444.wav,26,176.0,186.0,10.0,马头琴,蒙古族 传统 器乐 独奏,马头琴独奏，蒙古族传统器乐风格，干净清晰的录音
445,../data/processed/audio_segments/26_seg00445.wav,26,184.0,194.0,10.0,马头琴,蒙古族 传统 器乐 独奏,马头琴独奏，蒙古族传统器乐风格，干净清晰的录音
446,../data/processed/audio_segments/26_seg00446.wav,26,192.0,202.0,10.0,马头琴,蒙古族 传统 器乐 独奏,马头琴独奏，蒙古族传统器乐风格，干净清晰的录音
447,../data/processed/audio_segments/26_seg00447.wav,26,200.0,210.0,10.0,马头琴,蒙古族 传统 器乐 独奏,马头琴独奏，蒙古族传统器乐风格，干净清晰的录音
448,../data/processed/audio_segments/27_seg00448.wav,27,0.0,10.0,10.0,马头琴,蒙古族 传统 器乐 独奏,马头琴独奏，蒙古族传统器乐风格，干净清晰的录音
449,../data/processed/audio_segments/27_seg00449.wav,27,8.0,18.0,10.0,马头琴,蒙古族 传统 器乐 独奏,马头琴独奏，蒙古族传统器乐风格，干净清晰的录音
450,../data/processed/audio_segments/27_seg00450.wav,27,16.0,26.0,10.0,马头琴,蒙古族 传统 器乐 独奏,马头琴独奏，蒙古族传统器乐风格，干净清晰的录音
451,../data/processed/audio_segments/27_seg00451.wav,27,24.0,34.0,10.0,马头琴,蒙古族 传统 器乐 独奏,马头琴独奏，蒙古族传统器乐风格，干净清晰的录音
452,../data/processed/audio_segments/27_seg00452.wav,27,32.0,42.0,10.0,马头琴,蒙古族 传统 器乐 独奏,马头琴独奏，蒙古族传统器乐风格，干净清晰的录音
453,../data/processed/audio_segments/27_seg00453.wav,27,40.0,50.0,10.0,马头琴,蒙古族 传统 器乐 独奏,马头琴独奏，蒙古族传统器乐风格，干净清晰的录音
454,../data/processed/audio_segments/27_seg00454.wav,27,48.0,58.0,10.0,马头琴,蒙古族 传统 器乐 独奏,马头琴独奏，蒙古族传统器乐风格，干净清晰的录音
455,../data/processed/audio_segments/27_seg00455.wav,27,56.0,66.0,10.0,马头琴,蒙古族 传统 器乐 独奏,马头琴独奏，蒙古族传统器乐风格，干净清晰的录音
456,../data/processed/audio_segments/27_seg00456.wav,27,64.0,74.0,10.0,马头琴,蒙古族 传统 器乐 独奏,马头琴独奏，蒙古族传统器乐风格，干净清晰的录音
457,../data/processed/audio_segments/27_seg00457.wav,27,72.0,82.0,10.0,马头琴,蒙古族 传统 器乐 独奏,马头琴独奏，蒙古族传统器乐风格，干净清晰的录音
458,../data/processed/audio_segments/27_seg00458.wav,27,80.0,90.0,10.0,马头琴,蒙古族 传统 器乐 独奏,马头琴独奏，蒙古族传统器乐风格，干净清晰的录音
459,../data/processed/audio_segments/27_seg00459.wav,27,88.0,98.0,10.0,马头琴,蒙古族 传统 器乐 独奏,马头琴独奏，蒙古族传统器乐风格，干净清晰的录音
460,../data/processed/audio_segments/27_seg00460.wav,27,96.0,106.0,10.0,马头琴,蒙古族 传统 器乐 独奏,马头琴独奏，蒙古族传统器乐风格，干净清晰的录音
461,../data/processed/audio_segments/27_seg00461.wav,27,104.0,114.0,10.0,马头琴,蒙古族 传统 器乐 独奏,马头琴独奏，蒙古族传统器乐风格，干净清晰的录音
462,../data/processed/audio_segments/27_seg00462.wav,27,112.0,122.0,10.0,马头琴,蒙古族 传统 器乐 独奏,马头琴独奏，蒙古族传统器乐风格，干净清晰的录音
463,../data/processed/audio_segments/27_seg00463.wav,27,120.0,130.0,10.0,马头琴,蒙古族 传统 器乐 独奏,马头琴独奏，蒙古族传统器乐风格，干净清晰的录音
464,../data/processed/audio_segments/27_seg00464.wav,27,128.0,138.0,10.0,马头琴,蒙古族 传统 器乐 独奏,马头琴独奏，蒙古族传统器乐风格，干净清晰的录音
465,../data/processed/audio_segments/27_seg00465.wav,27,136.0,146.0,10.0,马头琴,蒙古族 传统 器乐 独奏,马头琴独奏，蒙古族传统器乐风格，干净清晰的录音
466,../data/processed/audio_segments/27_seg00466.wav,27,144.0,154.0,10.0,马头琴,蒙古族 传统 器乐 独奏,马头琴独奏，蒙古族传统器乐风格，干净清晰的录音
467,../data/processed/audio_segments/28_seg00467.wav,28,0.0,10.0,10.0,马头琴,蒙古族 传统 器乐 独奏,马头琴独奏，蒙古族传统器乐风格，干净清晰的录音
468,../data/processed/audio_segments/28_seg00468.wav,28,8.0,18.0,10.0,马头琴,蒙古族 传统 器乐 独奏,马头琴独奏，蒙古族传统器乐风格，干净清晰的录音
469,../data/processed/audio_segments/28_seg00469.wav,28,16.0,26.0,10.0,马头琴,蒙古族 传统 器乐 独奏,马头琴独奏，蒙古族传统器乐风格，干净清晰的录音
470,../data/processed/audio_segments/28_seg00470.wav,28,24.0,34.0,10.0,马头琴,蒙古族 传统 器乐 独奏,马头琴独奏，蒙古族传统器乐风格，干净清晰的录音
471,../data/processed/audio_segments/28_seg00471.wav,28,32.0,42.0,10.0,马头琴,蒙古族 传统 器乐 独奏,马头琴独奏，蒙古族传统器乐风格，干净清晰的录音
472,../data/processed/audio_segments/28_seg00472.wav,28,40.0,50.0,10.0,马头琴,蒙古族 传统 器乐 独奏,马头琴独奏，蒙古族传统器乐风格，干净清晰的录音
473,../data/processed/audio_segments/28_seg00473.wav,28,48.0,58.0,10.0,马头琴,蒙古族 传统 器乐 独奏,马头琴独奏，蒙古族传统器乐风格，干净清晰的录音
474,../data/processed/audio_segments/28_seg00474.wav,28,56.0,66.0,10.0,马头琴,蒙古族 传统 器乐 独奏,马头琴独奏，蒙古族传统器乐风格，干净清晰的录音
475,../data/processed/audio_segments/28_seg00475.wav,28,64.0,74.0,10.0,马头琴,蒙古族 传统 器乐 独奏,马头琴独奏，蒙古族传统器乐风格，干净清晰的录音
476,../data/processed/audio_segments/28_seg00476.wav,28,72.0,82.0,10.0,马头琴,蒙古族 传统 器乐 独奏,马头琴独奏，蒙古族传统器乐风格，干净清晰的录音
477,../data/processed/audio_segments/28_seg00477.wav,28,80.0,90.0,10.0,马头琴,蒙古族 传统 器乐 独奏,马头琴独奏，蒙古族传统器乐风格，干净清晰的录音
478,../data/processed/audio_segments/28_seg00478.wav,28,88.0,98.0,10.0,马头琴,蒙古族 传统 器乐 独奏,马头琴独奏，蒙古族传统器乐风格，干净清晰的录音
479,../data/processed/audio_segments/28_seg00479.wav,28,96.0,106.0,10.0,马头琴,蒙古族 传统 器乐 独奏,马头琴独奏，蒙古族传统器乐风格，干净清晰的录音
480,../data/processed/audio_segments/28_seg00480.wav,28,104.0,114.0,10.0,马头琴,蒙古族 传统 器乐 独奏,马头琴独奏，蒙古族传统器乐风格，干净清晰的录音
481,../data/processed/audio_segments/28_seg00481.wav,28,112.0,122.0,10.0,马头琴,蒙古族 传统 器乐 独奏,马头琴独奏，蒙古族传统器乐风格，干净清晰的录音
482,../data/processed/audio_segments/28_seg00482.wav,28,120.0,130.0,10.0,马头琴,蒙古族 传统 器乐 独奏,马头琴独奏，蒙古族传统器乐风格，干净清晰的录音
483,../data/processed/audio_segments/28_seg00483.wav,28,128.0,138.0,10.0,马头琴,蒙古族 传统 器乐 独奏,马头琴独奏，蒙古族传统器乐风格，干净清晰的录音
484,../data/processed/audio_segments/28_seg00484.wav,28,136.0,146.0,10.0,马头琴,蒙古族 传统 器乐 独奏,马头琴独奏，蒙古族传统器乐风格，干净清晰的录音
485,../data/processed/audio_segments/28_seg00485.wav,28,144.0,154.0,10.0,马头琴,蒙古族 传统 器乐 独奏,马头琴独奏，蒙古族传统器乐风格，干净清晰的录音
486,../data/processed/audio_segments/28_seg00486.wav,28,152.0,162.0,10.0,马头琴,蒙古族 传统 器乐 独奏,马头琴独奏，蒙古族传统器乐风格，干净清晰的录音
487,../data/processed/audio_segments/28_seg00487.wav,28,160.0,170.0,10.0,马头琴,蒙古族 传统 器乐 独奏,马头琴独奏，蒙古族传统器乐风格，干净清晰的录音
488,../data/processed/audio_segments/28_seg00488.wav,28,168.0,178.0,10.0,马头琴,蒙古族 传统 器乐 独奏,马头琴独奏，蒙古族传统器乐风格，干净清晰的录音
489,../data/processed/audio_segments/28_seg00489.wav,28,176.0,186.0,10.0,马头琴,蒙古族 传统 器乐 独奏,马头琴独奏，蒙古族传统器乐风格，干净清晰的录音
490,../data/processed/audio_segments/28_seg00490.wav,28,184.0,194.0,10.0,马头琴,蒙古族 传统 器乐 独奏,马头琴独奏，蒙古族传统器乐风格，干净清晰的录音
491,../data/processed/audio_segments/29_seg00491.wav,29,0.0,10.0,10.0,马头琴,蒙古族 传统 器乐 独奏,马头琴独奏，蒙古族传统器乐风格，干净清晰的录音
492,../data/processed/audio_segments/29_seg00492.wav,29,8.0,18.0,10.0,马头琴,蒙古族 传统 器乐 独奏,马头琴独奏，蒙古族传统器乐风格，干净清晰的录音
493,../data/processed/audio_segments/29_seg00493.wav,29,16.0,26.0,10.0,马头琴,蒙古族 传统 器乐 独奏,马头琴独奏，蒙古族传统器乐风格，干净清晰的录音
494,../data/processed/audio_segments/29_seg00494.wav,29,24.0,34.0,10.0,马头琴,蒙古族 传统 器乐 独奏,马头琴独奏，蒙古族传统器乐风格，干净清晰的录音
495,../data/processed/audio_segments/29_seg00495.wav,29,32.0,42.0,10.0,马头琴,蒙古族 传统 器乐 独奏,马头琴独奏，蒙古族传统器乐风格，干净清晰的录音
496,../data/processed/audio_segments/29_seg00496.wav,29,40.0,50.0,10.0,马头琴,蒙古族 传统 器乐 独奏,马头琴独奏，蒙古族传统器乐风格，干净清晰的录音
497,../data/processed/audio_segments/29_seg00497.wav,29,48.0,58.0,10.0,马头琴,蒙古族 传统 器乐 独奏,马头琴独奏，蒙古族传统器乐风格，干净清晰的录音
498,../data/processed/audio_segments/29_seg00498.wav,29,56.0,66.0,10.0,马头琴,蒙古族 传统 器乐 独奏,马头琴独奏，蒙古族传统器乐风格，干净清晰的录音
499,../data/processed/audio_segments/29_seg00499.wav,29,64.0,74.0,10.0,马头琴,蒙古族 传统 器乐 独奏,马头琴独奏，蒙古族传统器乐风格，干净清晰的录音
500,../data/processed/audio_segments/29_seg00500.wav,29,72.0,82.0,10.0,马头琴,蒙古族 传统 器乐 独奏,马头琴独奏，蒙古族传统器乐风格，干净清晰的录音
501,../data/processed/audio_segments/29_seg00501.wav,29,80.0,90.0,10.0,马头琴,蒙古族 传统 器乐 独奏,马头琴独奏，蒙古族传统器乐风格，干净清晰的录音
502,../data/processed/audio_segments/29_seg00502.wav,29,88.0,98.0,10.0,马头琴,蒙古族 传统 器乐 独奏,马头琴独奏，蒙古族传统器乐风格，干净清晰的录音
503,../data/processed/audio_segments/29_seg00503.wav,29,96.0,106.0,10.0,马头琴,蒙古族 传统 器乐 独奏,马头琴独奏，蒙古族传统器乐风格，干净清晰的录音
504,../data/processed/audio_segments/29_seg00504.wav,29,104.0,114.0,10.0,马头琴,蒙古族 传统 器乐 独奏,马头琴独奏，蒙古族传统器乐风格，干净清晰的录音
505,../data/processed/audio_segments/29_seg00505.wav,29,112.0,122.0,10.0,马头琴,蒙古族 传统 器乐 独奏,马头琴独奏，蒙古族传统器乐风格，干净清晰的录音
506,../data/processed/audio_segments/29_seg00506.wav,29,120.0,130.0,10.0,马头琴,蒙古族 传统 器乐 独奏,马头琴独奏，蒙古族传统器乐风格，干净清晰的录音
507,../data/processed/audio_segments/29_seg00507.wav,29,128.0,138.0,10.0,马头琴,蒙古族 传统 器乐 独奏,马头琴独奏，蒙古族传统器乐风格，干净清晰的录音
508,../data/processed/audio_segments/30_seg00508.wav,30,0.0,10.0,10.0,马头琴,蒙古族 传统 器乐 独奏,马头琴独奏，蒙古族传统器乐风格，干净清晰的录音
509,../data/processed/audio_segments/30_seg00509.wav,30,8.0,18.0,10.0,马头琴,蒙古族 传统 器乐 独奏,马头琴独奏，蒙古族传统器乐风格，干净清晰的录音
510,../data/processed/audio_segments/30_seg00510.wav,30,16.0,26.0,10.0,马头琴,蒙古族 传统 器乐 独奏,马头琴独奏，蒙古族传统器乐风格，干净清晰的录音
511,../data/processed/audio_segments/30_seg00511.wav,30,24.0,34.0,10.0,马头琴,蒙古族 传统 器乐 独奏,马头琴独奏，蒙古族传统器乐风格，干净清晰的录音
512,../data/processed/audio_segments/30_seg00512.wav,30,32.0,42.0,10.0,马头琴,蒙古族 传统 器乐 独奏,马头琴独奏，蒙古族传统器乐风格，干净清晰的录音
513,../data/processed/audio_segments/30_seg00513.wav,30,40.0,50.0,10.0,马头琴,蒙古族 传统 器乐 独奏,马头琴独奏，蒙古族传统器乐风格，干净清晰的录音
514,../data/processed/audio_segments/30_seg00514.wav,30,48.0,58.0,10.0,马头琴,蒙古族 传统 器乐 独奏,马头琴独奏，蒙古族传统器乐风格，干净清晰的录音
515,../data/processed/audio_segments/30_seg00515.wav,30,56.0,66.0,10.0,马头琴,蒙古族 传统 器乐 独奏,马头琴独奏，蒙古族传统器乐风格，干净清晰的录音
516,../data/processed/audio_segments/30_seg00516.wav,30,64.0,74.0,10.0,马头琴,蒙古族 传统 器乐 独奏,马头琴独奏，蒙古族传统器乐风格，干净清晰的录音
517,../data/processed/audio_segments/30_seg00517.wav,30,72.0,82.0,10.0,马头琴,蒙古族 传统 器乐 独奏,马头琴独奏，蒙古族传统器乐风格，干净清晰的录音
518,../data/processed/audio_segments/30_seg00518.wav,30,80.0,90.0,10.0,马头琴,蒙古族 传统 器乐 独奏,马头琴独奏，蒙古族传统器乐风格，干净清晰的录音
519,../data/processed/audio_segments/30_seg00519.wav,30,88.0,98.0,10.0,马头琴,蒙古族 传统 器乐 独奏,马头琴独奏，蒙古族传统器乐风格，干净清晰的录音
520,../data/processed/audio_segments/30_seg00520.wav,30,96.0,106.0,10.0,马头琴,蒙古族 传统 器乐 独奏,马头琴独奏，蒙古族传统器乐风格，干净清晰的录音
521,../data/processed/audio_segments/30_seg00521.wav,30,104.0,114.0,10.0,马头琴,蒙古族 传统 器乐 独奏,马头琴独奏，蒙古族传统器乐风格，干净清晰的录音
522,../data/processed/audio_segments/30_seg00522.wav,30,112.0,122.0,10.0,马头琴,蒙古族 传统 器乐 独奏,马头琴独奏，蒙古族传统器乐风格，干净清晰的录音
523,../data/processed/audio_segments/31_seg00523.wav,31,0.0,10.0,10.0,马头琴,蒙古族 传统 器乐 独奏,马头琴独奏，蒙古族传统器乐风格，干净清晰的录音
524,../data/processed/audio_segments/31_seg00524.wav,31,8.0,18.0,10.0,马头琴,蒙古族 传统 器乐 独奏,马头琴独奏，蒙古族传统器乐风格，干净清晰的录音
525,../data/processed/audio_segments/31_seg00525.wav,31,16.0,26.0,10.0,马头琴,蒙古族 传统 器乐 独奏,马头琴独奏，蒙古族传统器乐风格，干净清晰的录音
526,../data/processed/audio_segments/31_seg00526.wav,31,24.0,34.0,10.0,马头琴,蒙古族 传统 器乐 独奏,马头琴独奏，蒙古族传统器乐风格，干净清晰的录音
527,../data/processed/audio_segments/31_seg00527.wav,31,32.0,42.0,10.0,马头琴,蒙古族 传统 器乐 独奏,马头琴独奏，蒙古族传统器乐风格，干净清晰的录音
528,../data/processed/audio_segments/31_seg00528.wav,31,40.0,50.0,10.0,马头琴,蒙古族 传统 器乐 独奏,马头琴独奏，蒙古族传统器乐风格，干净清晰的录音
529,../data/processed/audio_segments/31_seg00529.wav,31,48.0,58.0,10.0,马头琴,蒙古族 传统 器乐 独奏,马头琴独奏，蒙古族传统器乐风格，干净清晰的录音
530,../data/processed/audio_segments/31_seg00530.wav,31,56.0,66.0,10.0,马头琴,蒙古族 传统 器乐 独奏,马头琴独奏，蒙古族传统器乐风格，干净清晰的录音
531,../data/processed/audio_segments/31_seg00531.wav,31,64.0,74.0,10.0,马头琴,蒙古族 传统 器乐 独奏,马头琴独奏，蒙古族传统器乐风格，干净清晰的录音
532,../data/processed/audio_segments/31_seg00532.wav,31,72.0,82.0,10.0,马头琴,蒙古族 传统 器乐 独奏,马头琴独奏，蒙古族传统器乐风格，干净清晰的录音
533,../data/processed/audio_segments/31_seg00533.wav,31,80.0,90.0,10.0,马头琴,蒙古族 传统 器乐 独奏,马头琴独奏，蒙古族传统器乐风格，干净清晰的录音
534,../data/processed/audio_segments/31_seg00534.wav,31,88.0,98.0,10.0,马头琴,蒙古族 传统 器乐 独奏,马头琴独奏，蒙古族传统器乐风格，干净清晰的录音
535,../data/processed/audio_segments/31_seg00535.wav,31,96.0,106.0,10.0,马头琴,蒙古族 传统 器乐 独奏,马头琴独奏，蒙古族传统器乐风格，干净清晰的录音
536,../data/processed/audio_segments/31_seg00536.wav,31,104.0,114.0,10.0,马头琴,蒙古族 传统 器乐 独奏,马头琴独奏，蒙古族传统器乐风格，干净清晰的录音
537,../data/processed/audio_segments/31_seg00537.wav,31,112.0,122.0,10.0,马头琴,蒙古族 传统 器乐 独奏,马头琴独奏，蒙古族传统器乐风格，干净清晰的录音
538,../data/processed/audio_segments/31_seg00538.wav,31,120.0,130.0,10.0,马头琴,蒙古族 传统 器乐 独奏,马头琴独奏，蒙古族传统器乐风格，干净清晰的录音
539,../data/processed/audio_segments/31_seg00539.wav,31,128.0,138.0,10.0,马头琴,蒙古族 传统 器乐 独奏,马头琴独奏，蒙古族传统器乐风格，干净清晰的录音
540,../data/processed/audio_segments/32_seg00540.wav,32,0.0,10.0,10.0,马头琴,蒙古族 传统 器乐 独奏,马头琴独奏，蒙古族传统器乐风格，干净清晰的录音
541,../data/processed/audio_segments/32_seg00541.wav,32,8.0,18.0,10.0,马头琴,蒙古族 传统 器乐 独奏,马头琴独奏，蒙古族传统器乐风格，干净清晰的录音
542,../data/processed/audio_segments/32_seg00542.wav,32,16.0,26.0,10.0,马头琴,蒙古族 传统 器乐 独奏,马头琴独奏，蒙古族传统器乐风格，干净清晰的录音
543,../data/processed/audio_segments/32_seg00543.wav,32,24.0,34.0,10.0,马头琴,蒙古族 传统 器乐 独奏,马头琴独奏，蒙古族传统器乐风格，干净清晰的录音
544,../data/processed/audio_segments/32_seg00544.wav,32,32.0,42.0,10.0,马头琴,蒙古族 传统 器乐 独奏,马头琴独奏，蒙古族传统器乐风格，干净清晰的录音
545,../data/processed/audio_segments/32_seg00545.wav,32,40.0,50.0,10.0,马头琴,蒙古族 传统 器乐 独奏,马头琴独奏，蒙古族传统器乐风格，干净清晰的录音
546,../data/processed/audio_segments/32_seg00546.wav,32,48.0,58.0,10.0,马头琴,蒙古族 传统 器乐 独奏,马头琴独奏，蒙古族传统器乐风格，干净清晰的录音
547,../data/processed/audio_segments/32_seg00547.wav,32,56.0,66.0,10.0,马头琴,蒙古族 传统 器乐 独奏,马头琴独奏，蒙古族传统器乐风格，干净清晰的录音
548,../data/processed/audio_segments/32_seg00548.wav,32,64.0,74.0,10.0,马头琴,蒙古族 传统 器乐 独奏,马头琴独奏，蒙古族传统器乐风格，干净清晰的录音
549,../data/processed/audio_segments/32_seg00549.wav,32,72.0,82.0,10.0,马头琴,蒙古族 传统 器乐 独奏,马头琴独奏，蒙古族传统器乐风格，干净清晰的录音
550,../data/processed/audio_segments/32_seg00550.wav,32,80.0,90.0,10.0,马头琴,蒙古族 传统 器乐 独奏,马头琴独奏，蒙古族传统器乐风格，干净清晰的录音
551,../data/processed/audio_segments/32_seg00551.wav,32,88.0,98.0,10.0,马头琴,蒙古族 传统 器乐 独奏,马头琴独奏，蒙古族传统器乐风格，干净清晰的录音
552,../data/processed/audio_segments/32_seg00552.wav,32,96.0,106.0,10.0,马头琴,蒙古族 传统 器乐 独奏,马头琴独奏，蒙古族传统器乐风格，干净清晰的录音
553,../data/processed/audio_segments/32_seg00553.wav,32,104.0,114.0,10.0,马头琴,蒙古族 传统 器乐 独奏,马头琴独奏，蒙古族传统器乐风格，干净清晰的录音
554,../data/processed/audio_segments/32_seg00554.wav,32,112.0,122.0,10.0,马头琴,蒙古族 传统 器乐 独奏,马头琴独奏，蒙古族传统器乐风格，干净清晰的录音
555,../data/processed/audio_segments/32_seg00555.wav,32,120.0,130.0,10.0,马头琴,蒙古族 传统 器乐 独奏,马头琴独奏，蒙古族传统器乐风格，干净清晰的录音
556,../data/processed/audio_segments/32_seg00556.wav,32,128.0,138.0,10.0,马头琴,蒙古族 传统 器乐 独奏,马头琴独奏，蒙古族传统器乐风格，干净清晰的录音
557,../data/processed/audio_segments/32_seg00557.wav,32,136.0,146.0,10.0,马头琴,蒙古族 传统 器乐 独奏,马头琴独奏，蒙古族传统器乐风格，干净清晰的录音
558,../data/processed/audio_segments/32_seg00558.wav,32,144.0,154.0,10.0,马头琴,蒙古族 传统 器乐 独奏,马头琴独奏，蒙古族传统器乐风格，干净清晰的录音
559,../data/processed/audio_segments/33_seg00559.wav,33,0.0,10.0,10.0,马头琴,蒙古族 传统 器乐 独奏,马头琴独奏，蒙古族传统器乐风格，干净清晰的录音
560,../data/processed/audio_segments/33_seg00560.wav,33,8.0,18.0,10.0,马头琴,蒙古族 传统 器乐 独奏,马头琴独奏，蒙古族传统器乐风格，干净清晰的录音
561,../data/processed/audio_segments/33_seg00561.wav,33,16.0,26.0,10.0,马头琴,蒙古族 传统 器乐 独奏,马头琴独奏，蒙古族传统器乐风格，干净清晰的录音
562,../data/processed/audio_segments/33_seg00562.wav,33,24.0,34.0,10.0,马头琴,蒙古族 传统 器乐 独奏,马头琴独奏，蒙古族传统器乐风格，干净清晰的录音
563,../data/processed/audio_segments/33_seg00563.wav,33,32.0,42.0,10.0,马头琴,蒙古族 传统 器乐 独奏,马头琴独奏，蒙古族传统器乐风格，干净清晰的录音
564,../data/processed/audio_segments/33_seg00564.wav,33,40.0,50.0,10.0,马头琴,蒙古族 传统 器乐 独奏,马头琴独奏，蒙古族传统器乐风格，干净清晰的录音
565,../data/processed/audio_segments/33_seg00565.wav,33,48.0,58.0,10.0,马头琴,蒙古族 传统 器乐 独奏,马头琴独奏，蒙古族传统器乐风格，干净清晰的录音
566,../data/processed/audio_segments/33_seg00566.wav,33,56.0,66.0,10.0,马头琴,蒙古族 传统 器乐 独奏,马头琴独奏，蒙古族传统器乐风格，干净清晰的录音
567,../data/processed/audio_segments/33_seg00567.wav,33,64.0,74.0,10.0,马头琴,蒙古族 传统 器乐 独奏,马头琴独奏，蒙古族传统器乐风格，干净清晰的录音
568,../data/processed/audio_segments/33_seg00568.wav,33,72.0,82.0,10.0,马头琴,蒙古族 传统 器乐 独奏,马头琴独奏，蒙古族传统器乐风格，干净清晰的录音
569,../data/processed/audio_segments/33_seg00569.wav,33,80.0,90.0,10.0,马头琴,蒙古族 传统 器乐 独奏,马头琴独奏，蒙古族传统器乐风格，干净清晰的录音
570,../data/processed/audio_segments/33_seg00570.wav,33,88.0,98.0,10.0,马头琴,蒙古族 传统 器乐 独奏,马头琴独奏，蒙古族传统器乐风格，干净清晰的录音
571,../data/processed/audio_segments/33_seg00571.wav,33,96.0,106.0,10.0,马头琴,蒙古族 传统 器乐 独奏,马头琴独奏，蒙古族传统器乐风格，干净清晰的录音
572,../data/processed/audio_segments/33_seg00572.wav,33,104.0,114.0,10.0,马头琴,蒙古族 传统 器乐 独奏,马头琴独奏，蒙古族传统器乐风格，干净清晰的录音
573,../data/processed/audio_segments/33_seg00573.wav,33,112.0,122.0,10.0,马头琴,蒙古族 传统 器乐 独奏,马头琴独奏，蒙古族传统器乐风格，干净清晰的录音
574,../data/processed/audio_segments/33_seg00574.wav,33,120.0,130.0,10.0,马头琴,蒙古族 传统 器乐 独奏,马头琴独奏，蒙古族传统器乐风格，干净清晰的录音
575,../data/processed/audio_segments/34_seg00575.wav,34,0.0,10.0,10.0,马头琴,蒙古族 传统 器乐 独奏,马头琴独奏，蒙古族传统器乐风格，干净清晰的录音
576,../data/processed/audio_segments/34_seg00576.wav,34,8.0,18.0,10.0,马头琴,蒙古族 传统 器乐 独奏,马头琴独奏，蒙古族传统器乐风格，干净清晰的录音
577,../data/processed/audio_segments/34_seg00577.wav,34,16.0,26.0,10.0,马头琴,蒙古族 传统 器乐 独奏,马头琴独奏，蒙古族传统器乐风格，干净清晰的录音
578,../data/processed/audio_segments/34_seg00578.wav,34,24.0,34.0,10.0,马头琴,蒙古族 传统 器乐 独奏,马头琴独奏，蒙古族传统器乐风格，干净清晰的录音
579,../data/processed/audio_segments/34_seg00579.wav,34,32.0,42.0,10.0,马头琴,蒙古族 传统 器乐 独奏,马头琴独奏，蒙古族传统器乐风格，干净清晰的录音
580,../data/processed/audio_segments/34_seg00580.wav,34,40.0,50.0,10.0,马头琴,蒙古族 传统 器乐 独奏,马头琴独奏，蒙古族传统器乐风格，干净清晰的录音
581,../data/processed/audio_segments/34_seg00581.wav,34,48.0,58.0,10.0,马头琴,蒙古族 传统 器乐 独奏,马头琴独奏，蒙古族传统器乐风格，干净清晰的录音
582,../data/processed/audio_segments/34_seg00582.wav,34,56.0,66.0,10.0,马头琴,蒙古族 传统 器乐 独奏,马头琴独奏，蒙古族传统器乐风格，干净清晰的录音
583,../data/processed/audio_segments/34_seg00583.wav,34,64.0,74.0,10.0,马头琴,蒙古族 传统 器乐 独奏,马头琴独奏，蒙古族传统器乐风格，干净清晰的录音
584,../data/processed/audio_segments/34_seg00584.wav,34,72.0,82.0,10.0,马头琴,蒙古族 传统 器乐 独奏,马头琴独奏，蒙古族传统器乐风格，干净清晰的录音
607,../data/processed/audio_segments/36_seg00607.wav,36,0.0,10.0,10.0,马头琴,蒙古族 传统 器乐 独奏,马头琴独奏，蒙古族传统器乐风格，干净清晰的录音
608,../data/processed/audio_segments/36_seg00608.wav,36,8.0,18.0,10.0,马头琴,蒙古族 传统 器乐 独奏,马头琴独奏，蒙古族传统器乐风格，干净清晰的录音
609,../data/processed/audio_segments/36_seg00609.wav,36,16.0,26.0,10.0,马头琴,蒙古族 传统 器乐 独奏,马头琴独奏，蒙古族传统器乐风格，干净清晰的录音
610,../data/processed/audio_segments/36_seg00610.wav,36,24.0,34.0,10.0,马头琴,蒙古族 传统 器乐 独奏,马头琴独奏，蒙古族传统器乐风格，干净清晰的录音
611,../data/processed/audio_segments/36_seg00611.wav,36,32.0,42.0,10.0,马头琴,蒙古族 传统 器乐 独奏,马头琴独奏，蒙古族传统器乐风格，干净清晰的录音
612,../data/processed/audio_segments/36_seg00612.wav,36,40.0,50.0,10.0,马头琴,蒙古族 传统 器乐 独奏,马头琴独奏，蒙古族传统器乐风格，干净清晰的录音
613,../data/processed/audio_segments/36_seg00613.wav,36,48.0,58.0,10.0,马头琴,蒙古族 传统 器乐 独奏,马头琴独奏，蒙古族传统器乐风格，干净清晰的录音
614,../data/processed/audio_segments/36_seg00614.wav,36,56.0,66.0,10.0,马头琴,蒙古族 传统 器乐 独奏,马头琴独奏，蒙古族传统器乐风格，干净清晰的录音
615,../data/processed/audio_segments/36_seg00615.wav,36,64.0,74.0,10.0,马头琴,蒙古族 传统 器乐 独奏,马头琴独奏，蒙古族传统器乐风格，干净清晰的录音
616,../data/processed/audio_segments/36_seg00616.wav,36,72.0,82.0,10.0,马头琴,蒙古族 传统 器乐 独奏,马头琴独奏，蒙古族传统器乐风格，干净清晰的录音
617,../data/processed/audio_segments/36_seg00617.wav,36,80.0,90.0,10.0,马头琴,蒙古族 传统 器乐 独奏,马头琴独奏，蒙古族传统器乐风格，干净清晰的录音
618,../data/processed/audio_segments/36_seg00618.wav,36,88.0,98.0,10.0,马头琴,蒙古族 传统 器乐 独奏,马头琴独奏，蒙古族传统器乐风格，干净清晰的录音
619,../data/processed/audio_segments/36_seg00619.wav,36,96.0,106.0,10.0,马头琴,蒙古族 传统 器乐 独奏,马头琴独奏，蒙古族传统器乐风格，干净清晰的录音
620,../data/processed/audio_segments/36_seg00620.wav,36,104.0,114.0,10.0,马头琴,蒙古族 传统 器乐 独奏,马头琴独奏，蒙古族传统器乐风格，干净清晰的录音
621,../data/processed/audio_segments/36_seg00621.wav,36,112.0,122.0,10.0,马头琴,蒙古族 传统 器乐 独奏,马头琴独奏，蒙古族传统器乐风格，干净清晰的录音
622,../data/processed/audio_segments/36_seg00622.wav,36,120.0,130.0,10.0,马头琴,蒙古族 传统 器乐 独奏,马头琴独奏，蒙古族传统器乐风格，干净清晰的录音
623,../data/processed/audio_segments/36_seg00623.wav,36,128.0,138.0,10.0,马头琴,蒙古族 传统 器乐 独奏,马头琴独奏，蒙古族传统器乐风格，干净清晰的录音
624,../data/processed/audio_segments/36_seg00624.wav,36,136.0,146.0,10.0,马头琴,蒙古族 传统 器乐 独奏,马头琴独奏，蒙古族传统器乐风格，干净清晰的录音
625,../data/processed/audio_segments/36_seg00625.wav,36,144.0,154.0,10.0,马头琴,蒙古族 传统 器乐 独奏,马头琴独奏，蒙古族传统器乐风格，干净清晰的录音
626,../data/processed/audio_segments/36_seg00626.wav,36,152.0,162.0,10.0,马头琴,蒙古族 传统 器乐 独奏,马头琴独奏，蒙古族传统器乐风格，干净清晰的录音
627,../data/processed/audio_segments/36_seg00627.wav,36,160.0,170.0,10.0,马头琴,蒙古族 传统 器乐 独奏,马头琴独奏，蒙古族传统器乐风格，干净清晰的录音
628,../data/processed/audio_segments/36_seg00628.wav,36,168.0,178.0,10.0,马头琴,蒙古族 传统 器乐 独奏,马头琴独奏，蒙古族传统器乐风格，干净清晰的录音
629,../data/processed/audio_segments/37_seg00629.wav,37,0.0,10.0,10.0,马头琴,蒙古族 传统 器乐 独奏,马头琴独奏，蒙古族传统器乐风格，干净清晰的录音
630,../data/processed/audio_segments/37_seg00630.wav,37,8.0,18.0,10.0,马头琴,蒙古族 传统 器乐 独奏,马头琴独奏，蒙古族传统器乐风格，干净清晰的录音
631,../data/processed/audio_segments/37_seg00631.wav,37,16.0,26.0,10.0,马头琴,蒙古族 传统 器乐 独奏,马头琴独奏，蒙古族传统器乐风格，干净清晰的录音
632,../data/processed/audio_segments/37_seg00632.wav,37,24.0,34.0,10.0,马头琴,蒙古族 传统 器乐 独奏,马头琴独奏，蒙古族传统器乐风格，干净清晰的录音
633,../data/processed/audio_segments/37_seg00633.wav,37,32.0,42.0,10.0,马头琴,蒙古族 传统 器乐 独奏,马头琴独奏，蒙古族传统器乐风格，干净清晰的录音
634,../data/processed/audio_segments/37_seg00634.wav,37,40.0,50.0,10.0,马头琴,蒙古族 传统 器乐 独奏,马头琴独奏，蒙古族传统器乐风格，干净清晰的录音
635,../data/processed/audio_segments/37_seg00635.wav,37,48.0,58.0,10.0,马头琴,蒙古族 传统 器乐 独奏,马头琴独奏，蒙古族传统器乐风格，干净清晰的录音
636,../data/processed/audio_segments/37_seg00636.wav,37,56.0,66.0,10.0,马头琴,蒙古族 传统 器乐 独奏,马头琴独奏，蒙古族传统器乐风格，干净清晰的录音
637,../data/processed/audio_segments/37_seg00637.wav,37,64.0,74.0,10.0,马头琴,蒙古族 传统 器乐 独奏,马头琴独奏，蒙古族传统器乐风格，干净清晰的录音
638,../data/processed/audio_segments/37_seg00638.wav,37,72.0,82.0,10.0,马头琴,蒙古族 传统 器乐 独奏,马头琴独奏，蒙古族传统器乐风格，干净清晰的录音
639,../data/processed/audio_segments/37_seg00639.wav,37,80.0,90.0,10.0,马头琴,蒙古族 传统 器乐 独奏,马头琴独奏，蒙古族传统器乐风格，干净清晰的录音
640,../data/processed/audio_segments/37_seg00640.wav,37,88.0,98.0,10.0,马头琴,蒙古族 传统 器乐 独奏,马头琴独奏，蒙古族传统器乐风格，干净清晰的录音
641,../data/processed/audio_segments/37_seg00641.wav,37,96.0,106.0,10.0,马头琴,蒙古族 传统 器乐 独奏,马头琴独奏，蒙古族传统器乐风格，干净清晰的录音
642,../data/processed/audio_segments/37_seg00642.wav,37,104.0,114.0,10.0,马头琴,蒙古族 传统 器乐 独奏,马头琴独奏，蒙古族传统器乐风格，干净清晰的录音
643,../data/processed/audio_segments/37_seg00643.wav,37,112.0,122.0,10.0,马头琴,蒙古族 传统 器乐 独奏,马头琴独奏，蒙古族传统器乐风格，干净清晰的录音
644,../data/processed/audio_segments/37_seg00644.wav,37,120.0,130.0,10.0,马头琴,蒙古族 传统 器乐 独奏,马头琴独奏，蒙古族传统器乐风格，干净清晰的录音
645,../data/processed/audio_segments/37_seg00645.wav,37,128.0,138.0,10.0,马头琴,蒙古族 传统 器乐 独奏,马头琴独奏，蒙古族传统器乐风格，干净清晰的录音
646,../data/processed/audio_segments/37_seg00646.wav,37,136.0,146.0,10.0,马头琴,蒙古族 传统 器乐 独奏,马头琴独奏，蒙古族传统器乐风格，干净清晰的录音
647,../data/processed/audio_segments/37_seg00647.wav,37,144.0,154.0,10.0,马头琴,蒙古族 传统 器乐 独奏,马头琴独奏，蒙古族传统器乐风格，干净清晰的录音
648,../data/processed/audio_segments/37_seg00648.wav,37,152.0,162.0,10.0,马头琴,蒙古族 传统 器乐 独奏,马头琴独奏，蒙古族传统器乐风格，干净清晰的录音
649,../data/processed/audio_segments/37_seg00649.wav,37,160.0,170.0,10.0,马头琴,蒙古族 传统 器乐 独奏,马头琴独奏，蒙古族传统器乐风格，干净清晰的录音
650,../data/processed/audio_segments/37_seg00650.wav,37,168.0,178.0,10.0,马头琴,蒙古族 传统 器乐 独奏,马头琴独奏，蒙古族传统器乐风格，干净清晰的录音
651,../data/processed/audio_segments/37_seg00651.wav,37,176.0,186.0,10.0,马头琴,蒙古族 传统 器乐 独奏,马头琴独奏，蒙古族传统器乐风格，干净清晰的录音
652,../data/processed/audio_segments/37_seg00652.wav,37,184.0,194.0,10.0,马头琴,蒙古族 传统 器乐 独奏,马头琴独奏，蒙古族传统器乐风格，干净清晰的录音
653,../data/processed/audio_segments/37_seg00653.wav,37,192.0,202.0,10.0,马头琴,蒙古族 传统 器乐 独奏,马头琴独奏，蒙古族传统器乐风格，干净清晰的录音
654,../data/processed/audio_segments/37_seg00654.wav,37,200.0,210.0,10.0,马头琴,蒙古族 传统 器乐 独奏,马头琴独奏，蒙古族传统器乐风格，干净清晰的录音
655,../data/processed/audio_segments/37_seg00655.wav,37,208.0,218.0,10.0,马头琴,蒙古族 传统 器乐 独奏,马头琴独奏，蒙古族传统器乐风格，干净清晰的录音
656,../data/processed/audio_segments/37_seg00656.wav,37,216.0,226.0,10.0,马头琴,蒙古族 传统 器乐 独奏,马头琴独奏，蒙古族传统器乐风格，干净清晰的录音
657,../data/processed/audio_segments/37_seg00657.wav,37,224.0,234.0,10.0,马头琴,蒙古族 传统 器乐 独奏,马头琴独奏，蒙古族传统器乐风格，干净清晰的录音
658,../data/processed/audio_segments/37_seg00658.wav,37,232.0,242.0,10.0,马头琴,蒙古族 传统 器乐 独奏,马头琴独奏，蒙古族传统器乐风格，干净清晰的录音
659,../data/processed/audio_segments/37_seg00659.wav,37,240.0,250.0,10.0,马头琴,蒙古族 传统 器乐 独奏,马头琴独奏，蒙古族传统器乐风格，干净清晰的录音
660,../data/processed/audio_segments/37_seg00660.wav,37,248.0,258.0,10.0,马头琴,蒙古族 传统 器乐 独奏,马头琴独奏，蒙古族传统器乐风格，干净清晰的录音
661,../data/processed/audio_segments/37_seg00661.wav,37,256.0,266.0,10.0,马头琴,蒙古族 传统 器乐 独奏,马头琴独奏，蒙古族传统器乐风格，干净清晰的录音
662,../data/processed/audio_segments/37_seg00662.wav,37,264.0,274.0,10.0,马头琴,蒙古族 传统 器乐 独奏,马头琴独奏，蒙古族传统器乐风格，干净清晰的录音
663,../data/processed/audio_segments/37_seg00663.wav,37,272.0,282.0,10.0,马头琴,蒙古族 传统 器乐 独奏,马头琴独奏，蒙古族传统器乐风格，干净清晰的录音
664,../data/processed/audio_segments/37_seg00664.wav,37,280.0,290.0,10.0,马头琴,蒙古族 传统 器乐 独奏,马头琴独奏，蒙古族传统器乐风格，干净清晰的录音
665,../data/processed/audio_segments/37_seg00665.wav,37,288.0,298.0,10.0,马头琴,蒙古族 传统 器乐 独奏,马头琴独奏，蒙古族传统器乐风格，干净清晰的录音
666,../data/processed/audio_segments/37_seg00666.wav,37,296.0,306.0,10.0,马头琴,蒙古族 传统 器乐 独奏,马头琴独奏，蒙古族传统器乐风格，干净清晰的录音
667,../data/processed/audio_segments/37_seg00667.wav,37,304.0,314.0,10.0,马头琴,蒙古族 传统 器乐 独奏,马头琴独奏，蒙古族传统器乐风格，干净清晰的录音
668,../data/processed/audio_segments/37_seg00668.wav,37,312.0,322.0,10.0,马头琴,蒙古族 传统 器乐 独奏,马头琴独奏，蒙古族传统器乐风格，干净清晰的录音
669,../data/processed/audio_segments/37_seg00669.wav,37,320.0,330.0,10.0,马头琴,蒙古族 传统 器乐 独奏,马头琴独奏，蒙古族传统器乐风格，干净清晰的录音
670,../data/processed/audio_segments/37_seg00670.wav,37,328.0,338.0,10.0,马头琴,蒙古族 传统 器乐 独奏,马头琴独奏，蒙古族传统器乐风格，干净清晰的录音
671,../data/processed/audio_segments/37_seg00671.wav,37,336.0,346.0,10.0,马头琴,蒙古族 传统 器乐 独奏,马头琴独奏，蒙古族传统器乐风格，干净清晰的录音
672,../data/processed/audio_segments/37_seg00672.wav,37,344.0,354.0,10.0,马头琴,蒙古族 传统 器乐 独奏,马头琴独奏，蒙古族传统器乐风格，干净清晰的录音
673,../data/processed/audio_segments/37_seg00673.wav,37,352.0,362.0,10.0,马头琴,蒙古族 传统 器乐 独奏,马头琴独奏，蒙古族传统器乐风格，干净清晰的录音
674,../data/processed/audio_segments/37_seg00674.wav,37,360.0,370.0,10.0,马头琴,蒙古族 传统 器乐 独奏,马头琴独奏，蒙古族传统器乐风格，干净清晰的录音
675,../data/processed/audio_segments/37_seg00675.wav,37,368.0,378.0,10.0,马头琴,蒙古族 传统 器乐 独奏,马头琴独奏，蒙古族传统器乐风格，干净清晰的录音
676,../data/processed/audio_segments/38_seg00676.wav,38,0.0,10.0,10.0,马头琴,蒙古族 传统 器乐 独奏,马头琴独奏，蒙古族传统器乐风格，干净清晰的录音
677,../data/processed/audio_segments/38_seg00677.wav,38,8.0,18.0,10.0,马头琴,蒙古族 传统 器乐 独奏,马头琴独奏，蒙古族传统器乐风格，干净清晰的录音
678,../data/processed/audio_segments/38_seg00678.wav,38,16.0,26.0,10.0,马头琴,蒙古族 传统 器乐 独奏,马头琴独奏，蒙古族传统器乐风格，干净清晰的录音
679,../data/processed/audio_segments/38_seg00679.wav,38,24.0,34.0,10.0,马头琴,蒙古族 传统 器乐 独奏,马头琴独奏，蒙古族传统器乐风格，干净清晰的录音
680,../data/processed/audio_segments/38_seg00680.wav,38,32.0,42.0,10.0,马头琴,蒙古族 传统 器乐 独奏,马头琴独奏，蒙古族传统器乐风格，干净清晰的录音
681,../data/processed/audio_segments/38_seg00681.wav,38,40.0,50.0,10.0,马头琴,蒙古族 传统 器乐 独奏,马头琴独奏，蒙古族传统器乐风格，干净清晰的录音
682,../data/processed/audio_segments/38_seg00682.wav,38,48.0,58.0,10.0,马头琴,蒙古族 传统 器乐 独奏,马头琴独奏，蒙古族传统器乐风格，干净清晰的录音
683,../data/processed/audio_segments/38_seg00683.wav,38,56.0,66.0,10.0,马头琴,蒙古族 传统 器乐 独奏,马头琴独奏，蒙古族传统器乐风格，干净清晰的录音
684,../data/processed/audio_segments/38_seg00684.wav,38,64.0,74.0,10.0,马头琴,蒙古族 传统 器乐 独奏,马头琴独奏，蒙古族传统器乐风格，干净清晰的录音
685,../data/processed/audio_segments/38_seg00685.wav,38,72.0,82.0,10.0,马头琴,蒙古族 传统 器乐 独奏,马头琴独奏，蒙古族传统器乐风格，干净清晰的录音
686,../data/processed/audio_segments/38_seg00686.wav,38,80.0,90.0,10.0,马头琴,蒙古族 传统 器乐 独奏,马头琴独奏，蒙古族传统器乐风格，干净清晰的录音
687,../data/processed/audio_segments/38_seg00687.wav,38,88.0,98.0,10.0,马头琴,蒙古族 传统 器乐 独奏,马头琴独奏，蒙古族传统器乐风格，干净清晰的录音
688,../data/processed/audio_segments/38_seg00688.wav,38,96.0,106.0,10.0,马头琴,蒙古族 传统 器乐 独奏,马头琴独奏，蒙古族传统器乐风格，干净清晰的录音
689,../data/processed/audio_segments/38_seg00689.wav,38,104.0,114.0,10.0,马头琴,蒙古族 传统 器乐 独奏,马头琴独奏，蒙古族传统器乐风格，干净清晰的录音
690,../data/processed/audio_segments/38_seg00690.wav,38,112.0,122.0,10.0,马头琴,蒙古族 传统 器乐 独奏,马头琴独奏，蒙古族传统器乐风格，干净清晰的录音
691,../data/processed/audio_segments/38_seg00691.wav,38,120.0,130.0,10.0,马头琴,蒙古族 传统 器乐 独奏,马头琴独奏，蒙古族传统器乐风格，干净清晰的录音
692,../data/processed/audio_segments/38_seg00692.wav,38,128.0,138.0,10.0,马头琴,蒙古族 传统 器乐 独奏,马头琴独奏，蒙古族传统器乐风格，干净清晰的录音
693,../data/processed/audio_segments/38_seg00693.wav,38,136.0,146.0,10.0,马头琴,蒙古族 传统 器乐 独奏,马头琴独奏，蒙古族传统器乐风格，干净清晰的录音
694,../data/processed/audio_segments/38_seg00694.wav,38,144.0,154.0,10.0,马头琴,蒙古族 传统 器乐 独奏,马头琴独奏，蒙古族传统器乐风格，干净清晰的录音
695,../data/processed/audio_segments/38_seg00695.wav,38,152.0,162.0,10.0,马头琴,蒙古族 传统 器乐 独奏,马头琴独奏，蒙古族传统器乐风格，干净清晰的录音
696,../data/processed/audio_segments/38_seg00696.wav,38,160.0,170.0,10.0,马头琴,蒙古族 传统 器乐 独奏,马头琴独奏，蒙古族传统器乐风格，干净清晰的录音
697,../data/processed/audio_segments/39_seg00697.wav,39,0.0,10.0,10.0,马头琴,蒙古族 传统 器乐 独奏,马头琴独奏，蒙古族传统器乐风格，干净清晰的录音
698,../data/processed/audio_segments/39_seg00698.wav,39,8.0,18.0,10.0,马头琴,蒙古族 传统 器乐 独奏,马头琴独奏，蒙古族传统器乐风格，干净清晰的录音
699,../data/processed/audio_segments/39_seg00699.wav,39,16.0,26.0,10.0,马头琴,蒙古族 传统 器乐 独奏,马头琴独奏，蒙古族传统器乐风格，干净清晰的录音
700,../data/processed/audio_segments/39_seg00700.wav,39,24.0,34.0,10.0,马头琴,蒙古族 传统 器乐 独奏,马头琴独奏，蒙古族传统器乐风格，干净清晰的录音
701,../data/processed/audio_segments/39_seg00701.wav,39,32.0,42.0,10.0,马头琴,蒙古族 传统 器乐 独奏,马头琴独奏，蒙古族传统器乐风格，干净清晰的录音
702,../data/processed/audio_segments/39_seg00702.wav,39,40.0,50.0,10.0,马头琴,蒙古族 传统 器乐 独奏,马头琴独奏，蒙古族传统器乐风格，干净清晰的录音
703,../data/processed/audio_segments/39_seg00703.wav,39,48.0,58.0,10.0,马头琴,蒙古族 传统 器乐 独奏,马头琴独奏，蒙古族传统器乐风格，干净清晰的录音
704,../data/processed/audio_segments/39_seg00704.wav,39,56.0,66.0,10.0,马头琴,蒙古族 传统 器乐 独奏,马头琴独奏，蒙古族传统器乐风格，干净清晰的录音
705,../data/processed/audio_segments/39_seg00705.wav,39,64.0,74.0,10.0,马头琴,蒙古族 传统 器乐 独奏,马头琴独奏，蒙古族传统器乐风格，干净清晰的录音
706,../data/processed/audio_segments/39_seg00706.wav,39,72.0,82.0,10.0,马头琴,蒙古族 传统 器乐 独奏,马头琴独奏，蒙古族传统器乐风格，干净清晰的录音
707,../data/processed/audio_segments/39_seg00707.wav,39,80.0,90.0,10.0,马头琴,蒙古族 传统 器乐 独奏,马头琴独奏，蒙古族传统器乐风格，干净清晰的录音
708,../data/processed/audio_segments/39_seg00708.wav,39,88.0,98.0,10.0,马头琴,蒙古族 传统 器乐 独奏,马头琴独奏，蒙古族传统器乐风格，干净清晰的录音
709,../data/processed/audio_segments/39_seg00709.wav,39,96.0,106.0,10.0,马头琴,蒙古族 传统 器乐 独奏,马头琴独奏，蒙古族传统器乐风格，干净清晰的录音
710,../data/processed/audio_segments/40_seg00710.wav,40,0.0,10.0,10.0,马头琴,蒙古族 传统 器乐 独奏,马头琴独奏，蒙古族传统器乐风格，干净清晰的录音
711,../data/processed/audio_segments/40_seg00711.wav,40,8.0,18.0,10.0,马头琴,蒙古族 传统 器乐 独奏,马头琴独奏，蒙古族传统器乐风格，干净清晰的录音
712,../data/processed/audio_segments/40_seg00712.wav,40,16.0,26.0,10.0,马头琴,蒙古族 传统 器乐 独奏,马头琴独奏，蒙古族传统器乐风格，干净清晰的录音
713,../data/processed/audio_segments/40_seg00713.wav,40,24.0,34.0,10.0,马头琴,蒙古族 传统 器乐 独奏,马头琴独奏，蒙古族传统器乐风格，干净清晰的录音
714,../data/processed/audio_segments/40_seg00714.wav,40,32.0,42.0,10.0,马头琴,蒙古族 传统 器乐 独奏,马头琴独奏，蒙古族传统器乐风格，干净清晰的录音
715,../data/processed/audio_segments/40_seg00715.wav,40,40.0,50.0,10.0,马头琴,蒙古族 传统 器乐 独奏,马头琴独奏，蒙古族传统器乐风格，干净清晰的录音
716,../data/processed/audio_segments/40_seg00716.wav,40,48.0,58.0,10.0,马头琴,蒙古族 传统 器乐 独奏,马头琴独奏，蒙古族传统器乐风格，干净清晰的录音
717,../data/processed/audio_segments/40_seg00717.wav,40,56.0,66.0,10.0,马头琴,蒙古族 传统 器乐 独奏,马头琴独奏，蒙古族传统器乐风格，干净清晰的录音
718,../data/processed/audio_segments/40_seg00718.wav,40,64.0,74.0,10.0,马头琴,蒙古族 传统 器乐 独奏,马头琴独奏，蒙古族传统器乐风格，干净清晰的录音
719,../data/processed/audio_segments/40_seg00719.wav,40,72.0,82.0,10.0,马头琴,蒙古族 传统 器乐 独奏,马头琴独奏，蒙古族传统器乐风格，干净清晰的录音
720,../data/processed/audio_segments/40_seg00720.wav,40,80.0,90.0,10.0,马头琴,蒙古族 传统 器乐 独奏,马头琴独奏，蒙古族传统器乐风格，干净清晰的录音
721,../data/processed/audio_segments/40_seg00721.wav,40,88.0,98.0,10.0,马头琴,蒙古族 传统 器乐 独奏,马头琴独奏，蒙古族传统器乐风格，干净清晰的录音
722,../data/processed/audio_segments/40_seg00722.wav,40,96.0,106.0,10.0,马头琴,蒙古族 传统 器乐 独奏,马头琴独奏，蒙古族传统器乐风格，干净清晰的录音
744,../data/processed/audio_segments/42_seg00744.wav,42,0.0,10.0,10.0,马头琴,蒙古族 传统 器乐 独奏,马头琴独奏，蒙古族传统器乐风格，干净清晰的录音
745,../data/processed/audio_segments/42_seg00745.wav,42,8.0,18.0,10.0,马头琴,蒙古族 传统 器乐 独奏,马头琴独奏，蒙古族传统器乐风格，干净清晰的录音
746,../data/processed/audio_segments/42_seg00746.wav,42,16.0,26.0,10.0,马头琴,蒙古族 传统 器乐 独奏,马头琴独奏，蒙古族传统器乐风格，干净清晰的录音
747,../data/processed/audio_segments/42_seg00747.wav,42,24.0,34.0,10.0,马头琴,蒙古族 传统 器乐 独奏,马头琴独奏，蒙古族传统器乐风格，干净清晰的录音
748,../data/processed/audio_segments/42_seg00748.wav,42,32.0,42.0,10.0,马头琴,蒙古族 传统 器乐 独奏,马头琴独奏，蒙古族传统器乐风格，干净清晰的录音
749,../data/processed/audio_segments/42_seg00749.wav,42,40.0,50.0,10.0,马头琴,蒙古族 传统 器乐 独奏,马头琴独奏，蒙古族传统器乐风格，干净清晰的录音
750,../data/processed/audio_segments/42_seg00750.wav,42,48.0,58.0,10.0,马头琴,蒙古族 传统 器乐 独奏,马头琴独奏，蒙古族传统器乐风格，干净清晰的录音
751,../data/processed/audio_segments/42_seg00751.wav,42,56.0,66.0,10.0,马头琴,蒙古族 传统 器乐 独奏,马头琴独奏，蒙古族传统器乐风格，干净清晰的录音
752,../data/processed/audio_segments/42_seg00752.wav,42,64.0,74.0,10.0,马头琴,蒙古族 传统 器乐 独奏,马头琴独奏，蒙古族传统器乐风格，干净清晰的录音
753,../data/processed/audio_segments/42_seg00753.wav,42,72.0,82.0,10.0,马头琴,蒙古族 传统 器乐 独奏,马头琴独奏，蒙古族传统器乐风格，干净清晰的录音
754,../data/processed/audio_segments/42_seg00754.wav,42,80.0,90.0,10.0,马头琴,蒙古族 传统 器乐 独奏,马头琴独奏，蒙古族传统器乐风格，干净清晰的录音
755,../data/processed/audio_segments/42_seg00755.wav,42,88.0,98.0,10.0,马头琴,蒙古族 传统 器乐 独奏,马头琴独奏，蒙古族传统器乐风格，干净清晰的录音
756,../data/processed/audio_segments/42_seg00756.wav,42,96.0,106.0,10.0,马头琴,蒙古族 传统 器乐 独奏,马头琴独奏，蒙古族传统器乐风格，干净清晰的录音
757,../data/processed/audio_segments/42_seg00757.wav,42,104.0,114.0,10.0,马头琴,蒙古族 传统 器乐 独奏,马头琴独奏，蒙古族传统器乐风格，干净清晰的录音
758,../data/processed/audio_segments/42_seg00758.wav,42,112.0,122.0,10.0,马头琴,蒙古族 传统 器乐 独奏,马头琴独奏，蒙古族传统器乐风格，干净清晰的录音
759,../data/processed/audio_segments/42_seg00759.wav,42,120.0,130.0,10.0,马头琴,蒙古族 传统 器乐 独奏,马头琴独奏，蒙古族传统器乐风格，干净清晰的录音
760,../data/processed/audio_segments/43_seg00760.wav,43,0.0,10.0,10.0,马头琴,蒙古族 传统 器乐 独奏,马头琴独奏，蒙古族传统器乐风格，干净清晰的录音
761,../data/processed/audio_segments/43_seg00761.wav,43,8.0,18.0,10.0,马头琴,蒙古族 传统 器乐 独奏,马头琴独奏，蒙古族传统器乐风格，干净清晰的录音
762,../data/processed/audio_segments/43_seg00762.wav,43,16.0,26.0,10.0,马头琴,蒙古族 传统 器乐 独奏,马头琴独奏，蒙古族传统器乐风格，干净清晰的录音
763,../data/processed/audio_segments/43_seg00763.wav,43,24.0,34.0,10.0,马头琴,蒙古族 传统 器乐 独奏,马头琴独奏，蒙古族传统器乐风格，干净清晰的录音
764,../data/processed/audio_segments/43_seg00764.wav,43,32.0,42.0,10.0,马头琴,蒙古族 传统 器乐 独奏,马头琴独奏，蒙古族传统器乐风格，干净清晰的录音
765,../data/processed/audio_segments/43_seg00765.wav,43,40.0,50.0,10.0,马头琴,蒙古族 传统 器乐 独奏,马头琴独奏，蒙古族传统器乐风格，干净清晰的录音
766,../data/processed/audio_segments/43_seg00766.wav,43,48.0,58.0,10.0,马头琴,蒙古族 传统 器乐 独奏,马头琴独奏，蒙古族传统器乐风格，干净清晰的录音
767,../data/processed/audio_segments/43_seg00767.wav,43,56.0,66.0,10.0,马头琴,蒙古族 传统 器乐 独奏,马头琴独奏，蒙古族传统器乐风格，干净清晰的录音
768,../data/processed/audio_segments/43_seg00768.wav,43,64.0,74.0,10.0,马头琴,蒙古族 传统 器乐 独奏,马头琴独奏，蒙古族传统器乐风格，干净清晰的录音
769,../data/processed/audio_segments/43_seg00769.wav,43,72.0,82.0,10.0,马头琴,蒙古族 传统 器乐 独奏,马头琴独奏，蒙古族传统器乐风格，干净清晰的录音
770,../data/processed/audio_segments/43_seg00770.wav,43,80.0,90.0,10.0,马头琴,蒙古族 传统 器乐 独奏,马头琴独奏，蒙古族传统器乐风格，干净清晰的录音
771,../data/processed/audio_segments/43_seg00771.wav,43,88.0,98.0,10.0,马头琴,蒙古族 传统 器乐 独奏,马头琴独奏，蒙古族传统器乐风格，干净清晰的录音
772,../data/processed/audio_segments/43_seg00772.wav,43,96.0,106.0,10.0,马头琴,蒙古族 传统 器乐 独奏,马头琴独奏，蒙古族传统器乐风格，干净清晰的录音
773,../data/processed/audio_segments/43_seg00773.wav,43,104.0,114.0,10.0,马头琴,蒙古族 传统 器乐 独奏,马头琴独奏，蒙古族传统器乐风格，干净清晰的录音
774,../data/processed/audio_segments/43_seg00774.wav,43,112.0,122.0,10.0,马头琴,蒙古族 传统 器乐 独奏,马头琴独奏，蒙古族传统器乐风格，干净清晰的录音
775,../data/processed/audio_segments/43_seg00775.wav,43,120.0,130.0,10.0,马头琴,蒙古族 传统 器乐 独奏,马头琴独奏，蒙古族传统器乐风格，干净清晰的录音
776,../data/processed/audio_segments/43_seg00776.wav,43,128.0,138.0,10.0,马头琴,蒙古族 传统 器乐 独奏,马头琴独奏，蒙古族传统器乐风格，干净清晰的录音
777,../data/processed/audio_segments/43_seg00777.wav,43,136.0,146.0,10.0,马头琴,蒙古族 传统 器乐 独奏,马头琴独奏，蒙古族传统器乐风格，干净清晰的录音
778,../data/processed/audio_segments/43_seg00778.wav,43,144.0,154.0,10.0,马头琴,蒙古族 传统 器乐 独奏,马头琴独奏，蒙古族传统器乐风格，干净清晰的录音
779,../data/processed/audio_segments/43_seg00779.wav,43,152.0,162.0,10.0,马头琴,蒙古族 传统 器乐 独奏,马头琴独奏，蒙古族传统器乐风格，干净清晰的录音
780,../data/processed/audio_segments/43_seg00780.wav,43,160.0,170.0,10.0,马头琴,蒙古族 传统 器乐 独奏,马头琴独奏，蒙古族传统器乐风格，干净清晰的录音
781,../data/processed/audio_segments/43_seg00781.wav,43,168.0,178.0,10.0,马头琴,蒙古族 传统 器乐 独奏,马头琴独奏，蒙古族传统器乐风格，干净清晰的录音
782,../data/processed/audio_segments/44_seg00782.wav,44,0.0,10.0,10.0,马头琴,蒙古族 传统 器乐 独奏,马头琴独奏，蒙古族传统器乐风格，干净清晰的录音
783,../data/processed/audio_segments/44_seg00783.wav,44,8.0,18.0,10.0,马头琴,蒙古族 传统 器乐 独奏,马头琴独奏，蒙古族传统器乐风格，干净清晰的录音
784,../data/processed/audio_segments/44_seg00784.wav,44,16.0,26.0,10.0,马头琴,蒙古族 传统 器乐 独奏,马头琴独奏，蒙古族传统器乐风格，干净清晰的录音
785,../data/processed/audio_segments/44_seg00785.wav,44,24.0,34.0,10.0,马头琴,蒙古族 传统 器乐 独奏,马头琴独奏，蒙古族传统器乐风格，干净清晰的录音
786,../data/processed/audio_segments/44_seg00786.wav,44,32.0,42.0,10.0,马头琴,蒙古族 传统 器乐 独奏,马头琴独奏，蒙古族传统器乐风格，干净清晰的录音
787,../data/processed/audio_segments/44_seg00787.wav,44,40.0,50.0,10.0,马头琴,蒙古族 传统 器乐 独奏,马头琴独奏，蒙古族传统器乐风格，干净清晰的录音
788,../data/processed/audio_segments/44_seg00788.wav,44,48.0,58.0,10.0,马头琴,蒙古族 传统 器乐 独奏,马头琴独奏，蒙古族传统器乐风格，干净清晰的录音
789,../data/processed/audio_segments/44_seg00789.wav,44,56.0,66.0,10.0,马头琴,蒙古族 传统 器乐 独奏,马头琴独奏，蒙古族传统器乐风格，干净清晰的录音
790,../data/processed/audio_segments/44_seg00790.wav,44,64.0,74.0,10.0,马头琴,蒙古族 传统 器乐 独奏,马头琴独奏，蒙古族传统器乐风格，干净清晰的录音
791,../data/processed/audio_segments/44_seg00791.wav,44,72.0,82.0,10.0,马头琴,蒙古族 传统 器乐 独奏,马头琴独奏，蒙古族传统器乐风格，干净清晰的录音
792,../data/processed/audio_segments/44_seg00792.wav,44,80.0,90.0,10.0,马头琴,蒙古族 传统 器乐 独奏,马头琴独奏，蒙古族传统器乐风格，干净清晰的录音
793,../data/processed/audio_segments/44_seg00793.wav,44,88.0,98.0,10.0,马头琴,蒙古族 传统 器乐 独奏,马头琴独奏，蒙古族传统器乐风格，干净清晰的录音
794,../data/processed/audio_segments/44_seg00794.wav,44,96.0,106.0,10.0,马头琴,蒙古族 传统 器乐 独奏,马头琴独奏，蒙古族传统器乐风格，干净清晰的录音
795,../data/processed/audio_segments/44_seg00795.wav,44,104.0,114.0,10.0,马头琴,蒙古族 传统 器乐 独奏,马头琴独奏，蒙古族传统器乐风格，干净清晰的录音
796,../data/processed/audio_segments/44_seg00796.wav,44,112.0,122.0,10.0,马头琴,蒙古族 传统 器乐 独奏,马头琴独奏，蒙古族传统器乐风格，干净清晰的录音
797,../data/processed/audio_segments/44_seg00797.wav,44,120.0,130.0,10.0,马头琴,蒙古族 传统 器乐 独奏,马头琴独奏，蒙古族传统器乐风格，干净清晰的录音
798,../data/processed/audio_segments/44_seg00798.wav,44,128.0,138.0,10.0,马头琴,蒙古族 传统 器乐 独奏,马头琴独奏，蒙古族传统器乐风格，干净清晰的录音
799,../data/processed/audio_segments/44_seg00799.wav,44,136.0,146.0,10.0,马头琴,蒙古族 传统 器乐 独奏,马头琴独奏，蒙古族传统器乐风格，干净清晰的录音
800,../data/processed/audio_segments/44_seg00800.wav,44,144.0,154.0,10.0,马头琴,蒙古族 传统 器乐 独奏,马头琴独奏，蒙古族传统器乐风格，干净清晰的录音
801,../data/processed/audio_segments/44_seg00801.wav,44,152.0,162.0,10.0,马头琴,蒙古族 传统 器乐 独奏,马头琴独奏，蒙古族传统器乐风格，干净清晰的录音
802,../data/processed/audio_segments/44_seg00802.wav,44,160.0,170.0,10.0,马头琴,蒙古族 传统 器乐 独奏,马头琴独奏，蒙古族传统器乐风格，干净清晰的录音
803,../data/processed/audio_segments/44_seg00803.wav,44,168.0,178.0,10.0,马头琴,蒙古族 传统 器乐 独奏,马头琴独奏，蒙古族传统器乐风格，干净清晰的录音
804,../data/processed/audio_segments/45_seg00804.wav,45,0.0,10.0,10.0,马头琴,蒙古族 传统 器乐 独奏,马头琴独奏，蒙古族传统器乐风格，干净清晰的录音
805,../data/processed/audio_segments/45_seg00805.wav,45,8.0,18.0,10.0,马头琴,蒙古族 传统 器乐 独奏,马头琴独奏，蒙古族传统器乐风格，干净清晰的录音
806,../data/processed/audio_segments/45_seg00806.wav,45,16.0,26.0,10.0,马头琴,蒙古族 传统 器乐 独奏,马头琴独奏，蒙古族传统器乐风格，干净清晰的录音
807,../data/processed/audio_segments/45_seg00807.wav,45,24.0,34.0,10.0,马头琴,蒙古族 传统 器乐 独奏,马头琴独奏，蒙古族传统器乐风格，干净清晰的录音
808,../data/processed/audio_segments/45_seg00808.wav,45,32.0,42.0,10.0,马头琴,蒙古族 传统 器乐 独奏,马头琴独奏，蒙古族传统器乐风格，干净清晰的录音
809,../data/processed/audio_segments/45_seg00809.wav,45,40.0,50.0,10.0,马头琴,蒙古族 传统 器乐 独奏,马头琴独奏，蒙古族传统器乐风格，干净清晰的录音
810,../data/processed/audio_segments/46_seg00810.wav,46,0.0,10.0,10.0,马头琴,蒙古族 传统 器乐 独奏,马头琴独奏，蒙古族传统器乐风格，干净清晰的录音
811,../data/processed/audio_segments/46_seg00811.wav,46,8.0,18.0,10.0,马头琴,蒙古族 传统 器乐 独奏,马头琴独奏，蒙古族传统器乐风格，干净清晰的录音
812,../data/processed/audio_segments/46_seg00812.wav,46,16.0,26.0,10.0,马头琴,蒙古族 传统 器乐 独奏,马头琴独奏，蒙古族传统器乐风格，干净清晰的录音
813,../data/processed/audio_segments/46_seg00813.wav,46,24.0,34.0,10.0,马头琴,蒙古族 传统 器乐 独奏,马头琴独奏，蒙古族传统器乐风格，干净清晰的录音
814,../data/processed/audio_segments/46_seg00814.wav,46,32.0,42.0,10.0,马头琴,蒙古族 传统 器乐 独奏,马头琴独奏，蒙古族传统器乐风格，干净清晰的录音
815,../data/processed/audio_segments/46_seg00815.wav,46,40.0,50.0,10.0,马头琴,蒙古族 传统 器乐 独奏,马头琴独奏，蒙古族传统器乐风格，干净清晰的录音
816,../data/processed/audio_segments/46_seg00816.wav,46,48.0,58.0,10.0,马头琴,蒙古族 传统 器乐 独奏,马头琴独奏，蒙古族传统器乐风格，干净清晰的录音
817,../data/processed/audio_segments/46_seg00817.wav,46,56.0,66.0,10.0,马头琴,蒙古族 传统 器乐 独奏,马头琴独奏，蒙古族传统器乐风格，干净清晰的录音
818,../data/processed/audio_segments/46_seg00818.wav,46,64.0,74.0,10.0,马头琴,蒙古族 传统 器乐 独奏,马头琴独奏，蒙古族传统器乐风格，干净清晰的录音
819,../data/processed/audio_segments/46_seg00819.wav,46,72.0,82.0,10.0,马头琴,蒙古族 传统 器乐 独奏,马头琴独奏，蒙古族传统器乐风格，干净清晰的录音
820,../data/processed/audio_segments/46_seg00820.wav,46,80.0,90.0,10.0,马头琴,蒙古族 传统 器乐 独奏,马头琴独奏，蒙古族传统器乐风格，干净清晰的录音
821,../data/processed/audio_segments/46_seg00821.wav,46,88.0,98.0,10.0,马头琴,蒙古族 传统 器乐 独奏,马头琴独奏，蒙古族传统器乐风格，干净清晰的录音
822,../data/processed/audio_segments/46_seg00822.wav,46,96.0,106.0,10.0,马头琴,蒙古族 传统 器乐 独奏,马头琴独奏，蒙古族传统器乐风格，干净清晰的录音
823,../data/processed/audio_segments/46_seg00823.wav,46,104.0,114.0,10.0,马头琴,蒙古族 传统 器乐 独奏,马头琴独奏，蒙古族传统器乐风格，干净清晰的录音
824,../data/processed/audio_segments/46_seg00824.wav,46,112.0,122.0,10.0,马头琴,蒙古族 传统 器乐 独奏,马头琴独奏，蒙古族传统器乐风格，干净清晰的录音
825,../data/processed/audio_segments/46_seg00825.wav,46,120.0,130.0,10.0,马头琴,蒙古族 传统 器乐 独奏,马头琴独奏，蒙古族传统器乐风格，干净清晰的录音
826,../data/processed/audio_segments/46_seg00826.wav,46,128.0,138.0,10.0,马头琴,蒙古族 传统 器乐 独奏,马头琴独奏，蒙古族传统器乐风格，干净清晰的录音
827,../data/processed/audio_segments/46_seg00827.wav,46,136.0,146.0,10.0,马头琴,蒙古族 传统 器乐 独奏,马头琴独奏，蒙古族传统器乐风格，干净清晰的录音
828,../data/processed/audio_segments/46_seg00828.wav,46,144.0,154.0,10.0,马头琴,蒙古族 传统 器乐 独奏,马头琴独奏，蒙古族传统器乐风格，干净清晰的录音
829,../data/processed/audio_segments/46_seg00829.wav,46,152.0,162.0,10.0,马头琴,蒙古族 传统 器乐 独奏,马头琴独奏，蒙古族传统器乐风格，干净清晰的录音
830,../data/processed/audio_segments/46_seg00830.wav,46,160.0,170.0,10.0,马头琴,蒙古族 传统 器乐 独奏,马头琴独奏，蒙古族传统器乐风格，干净清晰的录音
831,../data/processed/audio_segments/46_seg00831.wav,46,168.0,178.0,10.0,马头琴,蒙古族 传统 器乐 独奏,马头琴独奏，蒙古族传统器乐风格，干净清晰的录音
832,../data/processed/audio_segments/46_seg00832.wav,46,176.0,186.0,10.0,马头琴,蒙古族 传统 器乐 独奏,马头琴独奏，蒙古族传统器乐风格，干净清晰的录音
833,../data/processed/audio_segments/46_seg00833.wav,46,184.0,194.0,10.0,马头琴,蒙古族 传统 器乐 独奏,马头琴独奏，蒙古族传统器乐风格，干净清晰的录音
834,../data/processed/audio_segments/46_seg00834.wav,46,192.0,202.0,10.0,马头琴,蒙古族 传统 器乐 独奏,马头琴独奏，蒙古族传统器乐风格，干净清晰的录音
835,../data/processed/audio_segments/46_seg00835.wav,46,200.0,210.0,10.0,马头琴,蒙古族 传统 器乐 独奏,马头琴独奏，蒙古族传统器乐风格，干净清晰的录音
836,../data/processed/audio_segments/46_seg00836.wav,46,208.0,218.0,10.0,马头琴,蒙古族 传统 器乐 独奏,马头琴独奏，蒙古族传统器乐风格，干净清晰的录音
837,../data/processed/audio_segments/46_seg00837.wav,46,216.0,226.0,10.0,马头琴,蒙古族 传统 器乐 独奏,马头琴独奏，蒙古族传统器乐风格，干净清晰的录音
838,../data/processed/audio_segments/46_seg00838.wav,46,224.0,234.0,10.0,马头琴,蒙古族 传统 器乐 独奏,马头琴独奏，蒙古族传统器乐风格，干净清晰的录音
839,../data/processed/audio_segments/46_seg00839.wav,46,232.0,242.0,10.0,马头琴,蒙古族 传统 器乐 独奏,马头琴独奏，蒙古族传统器乐风格，干净清晰的录音
840,../data/processed/audio_segments/46_seg00840.wav,46,240.0,250.0,10.0,马头琴,蒙古族 传统 器乐 独奏,马头琴独奏，蒙古族传统器乐风格，干净清晰的录音
841,../data/processed/audio_segments/46_seg00841.wav,46,248.0,258.0,10.0,马头琴,蒙古族 传统 器乐 独奏,马头琴独奏，蒙古族传统器乐风格，干净清晰的录音
842,../data/processed/audio_segments/46_seg00842.wav,46,256.0,266.0,10.0,马头琴,蒙古族 传统 器乐 独奏,马头琴独奏，蒙古族传统器乐风格，干净清晰的录音
843,../data/processed/audio_segments/46_seg00843.wav,46,264.0,274.0,10.0,马头琴,蒙古族 传统 器乐 独奏,马头琴独奏，蒙古族传统器乐风格，干净清晰的录音
844,../data/processed/audio_segments/47_seg00844.wav,47,0.0,10.0,10.0,马头琴,蒙古族 传统 器乐 独奏,马头琴独奏，蒙古族传统器乐风格，干净清晰的录音
845,../data/processed/audio_segments/47_seg00845.wav,47,8.0,18.0,10.0,马头琴,蒙古族 传统 器乐 独奏,马头琴独奏，蒙古族传统器乐风格，干净清晰的录音
846,../data/processed/audio_segments/47_seg00846.wav,47,16.0,26.0,10.0,马头琴,蒙古族 传统 器乐 独奏,马头琴独奏，蒙古族传统器乐风格，干净清晰的录音
847,../data/processed/audio_segments/47_seg00847.wav,47,24.0,34.0,10.0,马头琴,蒙古族 传统 器乐 独奏,马头琴独奏，蒙古族传统器乐风格，干净清晰的录音
848,../data/processed/audio_segments/47_seg00848.wav,47,32.0,42.0,10.0,马头琴,蒙古族 传统 器乐 独奏,马头琴独奏，蒙古族传统器乐风格，干净清晰的录音
849,../data/processed/audio_segments/47_seg00849.wav,47,40.0,50.0,10.0,马头琴,蒙古族 传统 器乐 独奏,马头琴独奏，蒙古族传统器乐风格，干净清晰的录音
850,../data/processed/audio_segments/47_seg00850.wav,47,48.0,58.0,10.0,马头琴,蒙古族 传统 器乐 独奏,马头琴独奏，蒙古族传统器乐风格，干净清晰的录音
851,../data/processed/audio_segments/48_seg00851.wav,48,0.0,10.0,10.0,马头琴,蒙古族 传统 器乐 独奏,马头琴独奏，蒙古族传统器乐风格，干净清晰的录音
852,../data/processed/audio_segments/48_seg00852.wav,48,8.0,18.0,10.0,马头琴,蒙古族 传统 器乐 独奏,马头琴独奏，蒙古族传统器乐风格，干净清晰的录音
853,../data/processed/audio_segments/48_seg00853.wav,48,16.0,26.0,10.0,马头琴,蒙古族 传统 器乐 独奏,马头琴独奏，蒙古族传统器乐风格，干净清晰的录音
854,../data/processed/audio_segments/48_seg00854.wav,48,24.0,34.0,10.0,马头琴,蒙古族 传统 器乐 独奏,马头琴独奏，蒙古族传统器乐风格，干净清晰的录音
855,../data/processed/audio_segments/48_seg00855.wav,48,32.0,42.0,10.0,马头琴,蒙古族 传统 器乐 独奏,马头琴独奏，蒙古族传统器乐风格，干净清晰的录音
856,../data/processed/audio_segments/48_seg00856.wav,48,40.0,50.0,10.0,马头琴,蒙古族 传统 器乐 独奏,马头琴独奏，蒙古族传统器乐风格，干净清晰的录音
857,../data/processed/audio_segments/49_seg00857.wav,49,0.0,10.0,10.0,马头琴,蒙古族 传统 器乐 独奏,马头琴独奏，蒙古族传统器乐风格，干净清晰的录音
858,../data/processed/audio_segments/49_seg00858.wav,49,8.0,18.0,10.0,马头琴,蒙古族 传统 器乐 独奏,马头琴独奏，蒙古族传统器乐风格，干净清晰的录音
859,../data/processed/audio_segments/49_seg00859.wav,49,16.0,26.0,10.0,马头琴,蒙古族 传统 器乐 独奏,马头琴独奏，蒙古族传统器乐风格，干净清晰的录音
860,../data/processed/audio_segments/49_seg00860.wav,49,24.0,34.0,10.0,马头琴,蒙古族 传统 器乐 独奏,马头琴独奏，蒙古族传统器乐风格，干净清晰的录音
861,../data/processed/audio_segments/49_seg00861.wav,49,32.0,42.0,10.0,马头琴,蒙古族 传统 器乐 独奏,马头琴独奏，蒙古族传统器乐风格，干净清晰的录音
862,../data/processed/audio_segments/49_seg00862.wav,49,40.0,50.0,10.0,马头琴,蒙古族 传统 器乐 独奏,马头琴独奏，蒙古族传统器乐风格，干净清晰的录音
863,../data/processed/audio_segments/49_seg00863.wav,49,48.0,58.0,10.0,马头琴,蒙古族 传统 器乐 独奏,马头琴独奏，蒙古族传统器乐风格，干净清晰的录音
864,../data/processed/audio_segments/49_seg00864.wav,49,56.0,66.0,10.0,马头琴,蒙古族 传统 器乐 独奏,马头琴独奏，蒙古族传统器乐风格，干净清晰的录音
865,../data/processed/audio_segments/49_seg00865.wav,49,64.0,74.0,10.0,马头琴,蒙古族 传统 器乐 独奏,马头琴独奏，蒙古族传统器乐风格，干净清晰的录音
866,../data/processed/audio_segments/49_seg00866.wav,49,72.0,82.0,10.0,马头琴,蒙古族 传统 器乐 独奏,马头琴独奏，蒙古族传统器乐风格，干净清晰的录音
867,../data/processed/audio_segments/49_seg00867.wav,49,80.0,90.0,10.0,马头琴,蒙古族 传统 器乐 独奏,马头琴独奏，蒙古族传统器乐风格，干净清晰的录音
868,../data/processed/audio_segments/49_seg00868.wav,49,88.0,98.0,10.0,马头琴,蒙古族 传统 器乐 独奏,马头琴独奏，蒙古族传统器乐风格，干净清晰的录音
869,../data/processed/audio_segments/49_seg00869.wav,49,96.0,106.0,10.0,马头琴,蒙古族 传统 器乐 独奏,马头琴独奏，蒙古族传统器乐风格，干净清晰的录音
870,../data/processed/audio_segments/49_seg00870.wav,49,104.0,114.0,10.0,马头琴,蒙古族 传统 器乐 独奏,马头琴独奏，蒙古族传统器乐风格，干净清晰的录音
871,../data/processed/audio_segments/49_seg00871.wav,49,112.0,122.0,10.0,马头琴,蒙古族 传统 器乐 独奏,马头琴独奏，蒙古族传统器乐风格，干净清晰的录音
872,../data/processed/audio_segments/49_seg00872.wav,49,120.0,130.0,10.0,马头琴,蒙古族 传统 器乐 独奏,马头琴独奏，蒙古族传统器乐风格，干净清晰的录音
873,../data/processed/audio_segments/49_seg00873.wav,49,128.0,138.0,10.0,马头琴,蒙古族 传统 器乐 独奏,马头琴独奏，蒙古族传统器乐风格，干净清晰的录音
874,../data/processed/audio_segments/49_seg00874.wav,49,136.0,146.0,10.0,马头琴,蒙古族 传统 器乐 独奏,马头琴独奏，蒙古族传统器乐风格，干净清晰的录音
875,../data/processed/audio_segments/49_seg00875.wav,49,144.0,154.0,10.0,马头琴,蒙古族 传统 器乐 独奏,马头琴独奏，蒙古族传统器乐风格，干净清晰的录音
876,../data/processed/audio_segments/49_seg00876.wav,49,152.0,162.0,10.0,马头琴,蒙古族 传统 器乐 独奏,马头琴独奏，蒙古族传统器乐风格，干净清晰的录音
877,../data/processed/audio_segments/49_seg00877.wav,49,160.0,170.0,10.0,马头琴,蒙古族 传统 器乐 独奏,马头琴独奏，蒙古族传统器乐风格，干净清晰的录音
878,../data/processed/audio_segments/49_seg00878.wav,49,168.0,178.0,10.0,马头琴,蒙古族 传统 器乐 独奏,马头琴独奏，蒙古族传统器乐风格，干净清晰的录音
879,../data/processed/audio_segments/49_seg00879.wav,49,176.0,186.0,10.0,马头琴,蒙古族 传统 器乐 独奏,马头琴独奏，蒙古族传统器乐风格，干净清晰的录音
880,../data/processed/audio_segments/49_seg00880.wav,49,184.0,194.0,10.0,马头琴,蒙古族 传统 器乐 独奏,马头琴独奏，蒙古族传统器乐风格，干净清晰的录音
881,../data/processed/audio_segments/49_seg00881.wav,49,192.0,202.0,10.0,马头琴,蒙古族 传统 器乐 独奏,马头琴独奏，蒙古族传统器乐风格，干净清晰的录音
882,../data/processed/audio_segments/49_seg00882.wav,49,200.0,210.0,10.0,马头琴,蒙古族 传统 器乐 独奏,马头琴独奏，蒙古族传统器乐风格，干净清晰的录音
883,../data/processed/audio_segments/49_seg00883.wav,49,208.0,218.0,10.0,马头琴,蒙古族 传统 器乐 独奏,马头琴独奏，蒙古族传统器乐风格，干净清晰的录音
884,../data/processed/audio_segments/49_seg00884.wav,49,216.0,226.0,10.0,马头琴,蒙古族 传统 器乐 独奏,马头琴独奏，蒙古族传统器乐风格，干净清晰的录音
885,../data/processed/audio_segments/49_seg00885.wav,49,224.0,234.0,10.0,马头琴,蒙古族 传统 器乐 独奏,马头琴独奏，蒙古族传统器乐风格，干净清晰的录音
886,../data/processed/audio_segments/49_seg00886.wav,49,232.0,242.0,10.0,马头琴,蒙古族 传统 器乐 独奏,马头琴独奏，蒙古族传统器乐风格，干净清晰的录音
887,../data/processed/audio_segments/49_seg00887.wav,49,240.0,250.0,10.0,马头琴,蒙古族 传统 器乐 独奏,马头琴独奏，蒙古族传统器乐风格，干净清晰的录音
888,../data/processed/audio_segments/49_seg00888.wav,49,248.0,258.0,10.0,马头琴,蒙古族 传统 器乐 独奏,马头琴独奏，蒙古族传统器乐风格，干净清晰的录音
889,../data/processed/audio_segments/49_seg00889.wav,49,256.0,266.0,10.0,马头琴,蒙古族 传统 器乐 独奏,马头琴独奏，蒙古族传统器乐风格，干净清晰的录音
890,../data/processed/audio_segments/49_seg00890.wav,49,264.0,274.0,10.0,马头琴,蒙古族 传统 器乐 独奏,马头琴独奏，蒙古族传统器乐风格，干净清晰的录音
891,../data/processed/audio_segments/49_seg00891.wav,49,272.0,282.0,10.0,马头琴,蒙古族 传统 器乐 独奏,马头琴独奏，蒙古族传统器乐风格，干净清晰的录音
892,../data/processed/audio_segments/49_seg00892.wav,49,280.0,290.0,10.0,马头琴,蒙古族 传统 器乐 独奏,马头琴独奏，蒙古族传统器乐风格，干净清晰的录音
893,../data/processed/audio_segments/49_seg00893.wav,49,288.0,298.0,10.0,马头琴,蒙古族 传统 器乐 独奏,马头琴独奏，蒙古族传统器乐风格，干净清晰的录音
894,../data/processed/audio_segments/49_seg00894.wav,49,296.0,306.0,10.0,马头琴,蒙古族 传统 器乐 独奏,马头琴独奏，蒙古族传统器乐风格，干净清晰的录音
895,../data/processed/audio_segments/49_seg00895.wav,49,304.0,314.0,10.0,马头琴,蒙古族 传统 器乐 独奏,马头琴独奏，蒙古族传统器乐风格，干净清晰的录音
896,../data/processed/audio_segments/49_seg00896.wav,49,312.0,322.0,10.0,马头琴,蒙古族 传统 器乐 独奏,马头琴独奏，蒙古族传统器乐风格，干净清晰的录音
897,../data/processed/audio_segments/50_seg00897.wav,50,0.0,10.0,10.0,马头琴,蒙古族 传统 器乐 独奏,马头琴独奏，蒙古族传统器乐风格，干净清晰的录音
898,../data/processed/audio_segments/50_seg00898.wav,50,8.0,18.0,10.0,马头琴,蒙古族 传统 器乐 独奏,马头琴独奏，蒙古族传统器乐风格，干净清晰的录音
899,../data/processed/audio_segments/50_seg00899.wav,50,16.0,26.0,10.0,马头琴,蒙古族 传统 器乐 独奏,马头琴独奏，蒙古族传统器乐风格，干净清晰的录音
900,../data/processed/audio_segments/50_seg00900.wav,50,24.0,34.0,10.0,马头琴,蒙古族 传统 器乐 独奏,马头琴独奏，蒙古族传统器乐风格，干净清晰的录音
901,../data/processed/audio_segments/50_seg00901.wav,50,32.0,42.0,10.0,马头琴,蒙古族 传统 器乐 独奏,马头琴独奏，蒙古族传统器乐风格，干净清晰的录音
902,../data/processed/audio_segments/50_seg00902.wav,50,40.0,50.0,10.0,马头琴,蒙古族 传统 器乐 独奏,马头琴独奏，蒙古族传统器乐风格，干净清晰的录音
903,../data/processed/audio_segments/50_seg00903.wav,50,48.0,58.0,10.0,马头琴,蒙古族 传统 器乐 独奏,马头琴独奏，蒙古族传统器乐风格，干净清晰的录音
904,../data/processed/audio_segments/50_seg00904.wav,50,56.0,66.0,10.0,马头琴,蒙古族 传统 器乐 独奏,马头琴独奏，蒙古族传统器乐风格，干净清晰的录音
